Názov,suma,Skratka,dátum,pouzity_kurz_nbs,var_symbol_banka,iban_protistrany,nazov_protistrany,nazov_zdrojoveho_suboru,cas_importu
bankovým prevodom,600.00,EUR,1/7/2026,1,20260001,SK121100000132580041,Ing. Pavol Vnuk - NORPAL,C:\Users\Jana\Documents\GitHub\e-smartbalance\bankovy_vypis_2026_01.csv,4/22/2026
bankovým prevodom,600.00,EUR,1/12/2026,1,20260001,SK121100000132580041,Ing. Pavol Vnuk - NORPAL,C:\Users\Jana\Documents\GitHub\e-smartbalance\bankovy_vypis_2026_01.csv,4/22/2026
bankovým prevodom,"1,250.00",CZK,1/26/2026,24.251,9988413,CZ8701000000000000000019,Alza.cz a.s.,C:\Users\Jana\Documents\GitHub\e-smartbalance\bankovy_vypis_2026_01.csv,4/22/2026
bankovým prevodom,-45.90,EUR,1/7/2026,1,2026010001,SK9709000000000000000006,KROS a.s.,C:\Users\Jana\Documents\GitHub\e-smartbalance\bankovy_vypis_2026_01.csv,4/22/2026
bankovým prevodom,500.00,EUR,1/11/2026,1,2026001,SK770900000619894861,Ing. Pavol Vnuk - NORPAL,C:\Users\Jana\Documents\GitHub\e-smartbalance\bankovy_vypis_2026_01.csv,4/22/2026
bankovým prevodom,400.00,EUR,1/17/2026,1,20260003,SK840900000646378337,Jana Tvorivá - Creative Studio,C:\Users\Jana\Documents\GitHub\e-smartbalance\bankovy_vypis_2026_01.csv,4/22/2026
bankovým prevodom,"1,200.00",EUR,1/11/2026,1,20260004,SK410900000319963454,Ing. Pavol Vnuk - NORPAL,C:\Users\Jana\Documents\GitHub\e-smartbalance\bankovy_vypis_2026_01.csv,4/22/2026
bankovým prevodom,"15,400.00",CZK,1/15/2026,24.278,1192026,CZ8701000000000000000019,Alza.cz a.s.,C:\Users\Jana\Documents\GitHub\e-smartbalance\bankovy_vypis_2026_01.csv,4/22/2026
bankovým prevodom,-22.95,EUR,1/10/2026,1,2026010002,SK9709000000000000000006,KROS a.s.,C:\Users\Jana\Documents\GitHub\e-smartbalance\bankovy_vypis_2026_01.csv,4/22/2026
bankovým prevodom,-22.95,EUR,1/16/2026,1,2026010002,SK9709000000000000000006,KROS a.s.,C:\Users\Jana\Documents\GitHub\e-smartbalance\bankovy_vypis_2026_01.csv,4/22/2026
bankovým prevodom,"1,100.00",GBP,1/13/2026,0.866,20260008,SK330900000146903276,British Airways,C:\Users\Jana\Documents\GitHub\e-smartbalance\bankovy_vypis_2026_01.csv,4/22/2026
bankovým prevodom,-120.00,EUR,1/9/2026,1,2026010003,SK9709000000000000000006,KROS a.s.,C:\Users\Jana\Documents\GitHub\e-smartbalance\bankovy_vypis_2026_01.csv,4/22/2026
bankovým prevodom,"1,200.00",EUR,1/10/2026,1,20260007,SK641100000037193357,Ing. Pavol Vnuk - NORPAL,C:\Users\Jana\Documents\GitHub\e-smartbalance\bankovy_vypis_2026_01.csv,4/22/2026
bankovým prevodom,350.00,EUR,1/17/2026,1,20260009,SK980900000467507659,Jana Tvorivá - Creative Studio,C:\Users\Jana\Documents\GitHub\e-smartbalance\bankovy_vypis_2026_01.csv,4/22/2026
bankovým prevodom,650.00,EUR,1/15/2026,1,20260005,SK2509000000000000000022,Lucia Prekladová - LINGUA,C:\Users\Jana\Documents\GitHub\e-smartbalance\bankovy_vypis_2026_01.csv,4/22/2026
bankovým prevodom,"1,050.00",EUR,1/13/2026,1,20260006,SK961100000535112738,Flux a.s.,C:\Users\Jana\Documents\GitHub\e-smartbalance\bankovy_vypis_2026_01.csv,4/22/2026
bankovým prevodom,"1,050.00",EUR,1/19/2026,1,20260006,SK961100000535112738,Flux a.s.,C:\Users\Jana\Documents\GitHub\e-smartbalance\bankovy_vypis_2026_01.csv,4/22/2026
bankovým prevodom,"4,450.00",CZK,1/29/2026,24.335,1292026,CZ8701000000000000000019,Alza.cz a.s.,C:\Users\Jana\Documents\GitHub\e-smartbalance\bankovy_vypis_2026_01.csv,4/22/2026
bankovým prevodom,350.00,EUR,1/13/2026,1,20260027,SK250900000420314371,Jana Tvorivá - Creative Studio,C:\Users\Jana\Documents\GitHub\e-smartbalance\bankovy_vypis_2026_01.csv,4/22/2026
bankovým prevodom,"4,500.00",CZK,1/17/2026,24.286,1182026,CZ8701000000000000000019,Alza.cz a.s.,C:\Users\Jana\Documents\GitHub\e-smartbalance\bankovy_vypis_2026_01.csv,4/22/2026
bankovým prevodom,240.00,EUR,1/11/2026,1,20260026,SK200900000000444471,Ing. Pavol Vnuk - NORPAL,C:\Users\Jana\Documents\GitHub\e-smartbalance\bankovy_vypis_2026_01.csv,4/22/2026
bankovým prevodom,240.00,EUR,1/16/2026,1,20260026,SK200900000000444471,Ing. Pavol Vnuk - NORPAL,C:\Users\Jana\Documents\GitHub\e-smartbalance\bankovy_vypis_2026_01.csv,4/22/2026
bankovým prevodom,650.00,EUR,1/15/2026,1,20260029,SK2509000000000000000022,Lucia Prekladová - LINGUA,C:\Users\Jana\Documents\GitHub\e-smartbalance\bankovy_vypis_2026_01.csv,4/22/2026
bankovým prevodom,-45.90,EUR,1/20/2026,1,2026010004,SK9709000000000000000006,KROS a.s.,C:\Users\Jana\Documents\GitHub\e-smartbalance\bankovy_vypis_2026_01.csv,4/22/2026
bankovým prevodom,850.00,GBP,1/16/2026,0.867,20260028,SK130900000331376850,British Airways,C:\Users\Jana\Documents\GitHub\e-smartbalance\bankovy_vypis_2026_01.csv,4/22/2026
bankovým prevodom,"2,100.00",EUR,1/14/2026,1,20260031,SK110900000838957785,Flux a.s.,C:\Users\Jana\Documents\GitHub\e-smartbalance\bankovy_vypis_2026_01.csv,4/22/2026
bankovým prevodom,"3,200.00",CZK,1/26/2026,24.251,1122026,CZ8701000000000000000019,Alza.cz a.s.,C:\Users\Jana\Documents\GitHub\e-smartbalance\bankovy_vypis_2026_01.csv,4/22/2026
bankovým prevodom,"1,200.00",EUR,1/15/2026,1,20260030,SK790900000729167460,Ing. Pavol Vnuk - NORPAL,C:\Users\Jana\Documents\GitHub\e-smartbalance\bankovy_vypis_2026_01.csv,4/22/2026
bankovým prevodom,450.00,GBP,1/21/2026,0.8744,20260033,SK310900000182125985,British Airways,C:\Users\Jana\Documents\GitHub\e-smartbalance\bankovy_vypis_2026_01.csv,4/22/2026
bankovým prevodom,175.00,EUR,1/17/2026,1,20260032,SK350900000133895516,Jana Tvorivá - Creative Studio,C:\Users\Jana\Documents\GitHub\e-smartbalance\bankovy_vypis_2026_01.csv,4/22/2026
bankovým prevodom,175.00,EUR,1/29/2026,1,20260032,SK350900000133895516,Jana Tvorivá - Creative Studio,C:\Users\Jana\Documents\GitHub\e-smartbalance\bankovy_vypis_2026_01.csv,4/22/2026
bankovým prevodom,-24.00,EUR,1/19/2026,1,2026010005,SK9709000000000000000006,KROS a.s.,C:\Users\Jana\Documents\GitHub\e-smartbalance\bankovy_vypis_2026_01.csv,4/22/2026
bankovým prevodom,-24.00,EUR,1/31/2026,1,2026010005,SK9709000000000000000006,KROS a.s.,C:\Users\Jana\Documents\GitHub\e-smartbalance\bankovy_vypis_2026_01.csv,4/22/2026
bankovým prevodom,900.00,EUR,1/21/2026,1,20260034,SK2509000000000000000022,Lucia Prekladová - LINGUA,C:\Users\Jana\Documents\GitHub\e-smartbalance\bankovy_vypis_2026_01.csv,4/22/2026
bankovým prevodom,"1,200.00",EUR,1/17/2026,1,20260035,SK490900000832253514,Ing. Pavol Vnuk - NORPAL,C:\Users\Jana\Documents\GitHub\e-smartbalance\bankovy_vypis_2026_01.csv,4/22/2026
bankovým prevodom,"1,500.00",CZK,1/17/2026,24.286,1152026,CZ8701000000000000000019,Alza.cz a.s.,C:\Users\Jana\Documents\GitHub\e-smartbalance\bankovy_vypis_2026_01.csv,4/22/2026
bankovým prevodom,60.00,EUR,1/18/2026,1,20260036,SK390900000594763695,Jana Tvorivá - Creative Studio,C:\Users\Jana\Documents\GitHub\e-smartbalance\bankovy_vypis_2026_01.csv,4/22/2026
bankovým prevodom,60.00,EUR,1/26/2026,1,20260036,SK390900000594763695,Jana Tvorivá - Creative Studio,C:\Users\Jana\Documents\GitHub\e-smartbalance\bankovy_vypis_2026_01.csv,4/22/2026
bankovým prevodom,658.25,EUR,1/21/2026,1,20260120001,SK750900000235526382,Flux a.s.,C:\Users\Jana\Documents\GitHub\e-smartbalance\bankovy_vypis_2026_01.csv,4/22/2026
bankovým prevodom,411.82,EUR,1/26/2026,1,20260120193,SK271100000190435230,Ing. Pavol Vnuk - NORPAL,C:\Users\Jana\Documents\GitHub\e-smartbalance\bankovy_vypis_2026_01.csv,4/22/2026
bankovým prevodom,"1,509.87",EUR,1/22/2026,1,20260120194,SK101100000413791954,Flux a.s.,C:\Users\Jana\Documents\GitHub\e-smartbalance\bankovy_vypis_2026_01.csv,4/22/2026
bankovým prevodom,982.40,EUR,1/28/2026,1,20260120002,SK531100000230544566,Lucia Prekladová - LINGUA,C:\Users\Jana\Documents\GitHub\e-smartbalance\bankovy_vypis_2026_01.csv,4/22/2026
bankovým prevodom,"1,409.28",EUR,1/25/2026,1,20260120001,SK570900000715625523,Flux a.s.,C:\Users\Jana\Documents\GitHub\e-smartbalance\bankovy_vypis_2026_01.csv,4/22/2026
bankovým prevodom,663.55,EUR,1/25/2026,1,20260120002,SK560900000583412348,Flux a.s.,C:\Users\Jana\Documents\GitHub\e-smartbalance\bankovy_vypis_2026_01.csv,4/22/2026
bankovým prevodom,415.07,CZK,1/25/2026,24.31,20260120192,CZ8701000000000000000019,Alza.cz a.s.,C:\Users\Jana\Documents\GitHub\e-smartbalance\bankovy_vypis_2026_01.csv,4/22/2026
bankovým prevodom,203.69,EUR,1/25/2026,1,20260121195,SK690900000829439818,Ing. Pavol Vnuk - NORPAL,C:\Users\Jana\Documents\GitHub\e-smartbalance\bankovy_vypis_2026_01.csv,4/22/2026
bankovým prevodom,"1,173.63",EUR,1/30/2026,1,20260121005,SK390900000967251836,Jana Tvorivá - Creative Studio,C:\Users\Jana\Documents\GitHub\e-smartbalance\bankovy_vypis_2026_01.csv,4/22/2026
bankovým prevodom,419.64,EUR,1/25/2026,1,20260121003,SK300900000790330170,Flux a.s.,C:\Users\Jana\Documents\GitHub\e-smartbalance\bankovy_vypis_2026_01.csv,4/22/2026
bankovým prevodom,"1,300.34",CZK,1/30/2026,24.325,20260121004,CZ8701000000000000000019,Alza.cz a.s.,C:\Users\Jana\Documents\GitHub\e-smartbalance\bankovy_vypis_2026_01.csv,4/22/2026
bankovým prevodom,128.68,EUR,1/22/2026,1,20260121197,SK880900000396276235,Flux a.s.,C:\Users\Jana\Documents\GitHub\e-smartbalance\bankovy_vypis_2026_01.csv,4/22/2026
bankovým prevodom,783.87,CZK,1/28/2026,24.294,20260121004,CZ8701000000000000000019,Alza.cz a.s.,C:\Users\Jana\Documents\GitHub\e-smartbalance\bankovy_vypis_2026_01.csv,4/22/2026
bankovým prevodom,"1,368.75",EUR,1/31/2026,1,20260121005,SK941100000021957337,Flux a.s.,C:\Users\Jana\Documents\GitHub\e-smartbalance\bankovy_vypis_2026_01.csv,4/22/2026
bankovým prevodom,-168.52,EUR,1/24/2026,1,2026010006,SK9709000000000000000006,KROS a.s.,C:\Users\Jana\Documents\GitHub\e-smartbalance\bankovy_vypis_2026_01.csv,4/22/2026
bankovým prevodom,-168.52,EUR,1/30/2026,1,2026010006,SK9709000000000000000006,KROS a.s.,C:\Users\Jana\Documents\GitHub\e-smartbalance\bankovy_vypis_2026_01.csv,4/22/2026
bankovým prevodom,750.07,EUR,1/24/2026,1,20260122007,SK700900000396534025,Ing. Pavol Vnuk - NORPAL,C:\Users\Jana\Documents\GitHub\e-smartbalance\bankovy_vypis_2026_01.csv,4/22/2026
bankovým prevodom,-51.91,EUR,1/24/2026,1,2026010007,SK9709000000000000000006,KROS a.s.,C:\Users\Jana\Documents\GitHub\e-smartbalance\bankovy_vypis_2026_01.csv,4/22/2026
bankovým prevodom,-234.22,EUR,1/31/2026,1,2026010008,SK9709000000000000000006,KROS a.s.,C:\Users\Jana\Documents\GitHub\e-smartbalance\bankovy_vypis_2026_01.csv,4/22/2026
bankovým prevodom,"1,351.45",EUR,1/31/2026,1,20260122007,SK740900000677142917,Flux a.s.,C:\Users\Jana\Documents\GitHub\e-smartbalance\bankovy_vypis_2026_01.csv,4/22/2026
bankovým prevodom,-518.94,EUR,1/23/2026,1,2026010009,SK9709000000000000000006,KROS a.s.,C:\Users\Jana\Documents\GitHub\e-smartbalance\bankovy_vypis_2026_01.csv,4/22/2026
bankovým prevodom,"1,468.48",EUR,1/30/2026,1,20260123202,SK2509000000000000000022,Lucia Prekladová - LINGUA,C:\Users\Jana\Documents\GitHub\e-smartbalance\bankovy_vypis_2026_01.csv,4/22/2026
bankovým prevodom,296.23,EUR,1/27/2026,1,20260123010,SK2509000000000000000022,Lucia Prekladová - LINGUA,C:\Users\Jana\Documents\GitHub\e-smartbalance\bankovy_vypis_2026_01.csv,4/22/2026
bankovým prevodom,"1,129.30",EUR,1/24/2026,1,20260123203,SK830900000815382241,Flux a.s.,C:\Users\Jana\Documents\GitHub\e-smartbalance\bankovy_vypis_2026_01.csv,4/22/2026
bankovým prevodom,537.11,EUR,1/30/2026,1,20260123011,SK2509000000000000000022,Lucia Prekladová - LINGUA,C:\Users\Jana\Documents\GitHub\e-smartbalance\bankovy_vypis_2026_01.csv,4/22/2026
bankovým prevodom,762.17,EUR,1/29/2026,1,20260123011,SK390900000895724057,Jana Tvorivá - Creative Studio,C:\Users\Jana\Documents\GitHub\e-smartbalance\bankovy_vypis_2026_01.csv,4/22/2026
bankovým prevodom,570.14,EUR,1/27/2026,1,20260123009,SK140900000049082398,Ing. Pavol Vnuk - NORPAL,C:\Users\Jana\Documents\GitHub\e-smartbalance\bankovy_vypis_2026_01.csv,4/22/2026
bankovým prevodom,188.35,EUR,1/27/2026,1,20260123010,SK770900000622947215,Jana Tvorivá - Creative Studio,C:\Users\Jana\Documents\GitHub\e-smartbalance\bankovy_vypis_2026_01.csv,4/22/2026
bankovým prevodom,249.36,EUR,1/31/2026,1,20260126013,SK2509000000000000000022,Lucia Prekladová - LINGUA,C:\Users\Jana\Documents\GitHub\e-smartbalance\bankovy_vypis_2026_01.csv,4/22/2026
bankovým prevodom,-237.09,EUR,1/31/2026,1,2026010011,SK9709000000000000000006,KROS a.s.,C:\Users\Jana\Documents\GitHub\e-smartbalance\bankovy_vypis_2026_01.csv,4/22/2026
bankovým prevodom,"1,058.59",EUR,1/29/2026,1,20260126013,SK190900000795620917,Jana Tvorivá - Creative Studio,C:\Users\Jana\Documents\GitHub\e-smartbalance\bankovy_vypis_2026_01.csv,4/22/2026
bankovým prevodom,-191.63,EUR,1/30/2026,1,2026010010,SK9709000000000000000006,KROS a.s.,C:\Users\Jana\Documents\GitHub\e-smartbalance\bankovy_vypis_2026_01.csv,4/22/2026
bankovým prevodom,839.13,EUR,1/29/2026,1,20260126206,SK240900000317849635,Jana Tvorivá - Creative Studio,C:\Users\Jana\Documents\GitHub\e-smartbalance\bankovy_vypis_2026_01.csv,4/22/2026
bankovým prevodom,156.34,EUR,1/29/2026,1,20260127015,SK221100000281711935,Lucia Prekladová - LINGUA,C:\Users\Jana\Documents\GitHub\e-smartbalance\bankovy_vypis_2026_01.csv,4/22/2026
bankovým prevodom,652.17,EUR,1/29/2026,1,20260127207,SK2509000000000000000022,Lucia Prekladová - LINGUA,C:\Users\Jana\Documents\GitHub\e-smartbalance\bankovy_vypis_2026_01.csv,4/22/2026
bankovým prevodom,"1,067.58",EUR,1/28/2026,1,20260127209,SK541100000803765951,Ing. Pavol Vnuk - NORPAL,C:\Users\Jana\Documents\GitHub\e-smartbalance\bankovy_vypis_2026_01.csv,4/22/2026
bankovým prevodom,251.39,EUR,1/29/2026,1,20260128019,SK2509000000000000000022,Lucia Prekladová - LINGUA,C:\Users\Jana\Documents\GitHub\e-smartbalance\bankovy_vypis_2026_01.csv,4/22/2026
bankovým prevodom,573.63,EUR,1/30/2026,1,20260129023,SK910900000713569878,Jana Tvorivá - Creative Studio,C:\Users\Jana\Documents\GitHub\e-smartbalance\bankovy_vypis_2026_01.csv,4/22/2026
bankovým prevodom,644.81,EUR,1/31/2026,1,20260129213,SK2509000000000000000022,Lucia Prekladová - LINGUA,C:\Users\Jana\Documents\GitHub\e-smartbalance\bankovy_vypis_2026_01.csv,4/22/2026
bankovým prevodom,-7.50,EUR,1/28/2026,1,POPLATOK 01/2026,,Mesačný poplatok za účet,C:\Users\Jana\Documents\GitHub\e-smartbalance\bankovy_vypis_2026_01.csv,4/22/2026
bankovým prevodom,"1,250.00",CZK,2/19/2026,24.245,9988413,CZ8701000000000000000019,Alza.cz a.s.,C:\Users\Jana\Documents\GitHub\e-smartbalance\bankovy_vypis_2026_02.csv,4/22/2026
bankovým prevodom,75.00,GBP,2/6/2026,0.8679,2026002,SK820900000066689491,British Airways,C:\Users\Jana\Documents\GitHub\e-smartbalance\bankovy_vypis_2026_02.csv,4/22/2026
bankovým prevodom,75.00,GBP,2/27/2026,0.8763,2026002,SK820900000066689491,British Airways,C:\Users\Jana\Documents\GitHub\e-smartbalance\bankovy_vypis_2026_02.csv,4/22/2026
bankovým prevodom,425.00,GBP,2/2/2026,0.8658,20260002,SK401100000652982532,British Airways,C:\Users\Jana\Documents\GitHub\e-smartbalance\bankovy_vypis_2026_02.csv,4/22/2026
bankovým prevodom,425.00,GBP,2/21/2026,0.8738,20260002,SK401100000652982532,British Airways,C:\Users\Jana\Documents\GitHub\e-smartbalance\bankovy_vypis_2026_02.csv,4/22/2026
bankovým prevodom,"4,450.00",CZK,2/22/2026,24.245,1292026,CZ8701000000000000000019,Alza.cz a.s.,C:\Users\Jana\Documents\GitHub\e-smartbalance\bankovy_vypis_2026_02.csv,4/22/2026
bankovým prevodom,220.00,GBP,2/18/2026,0.8724,20260037,SK610900000760512887,British Airways,C:\Users\Jana\Documents\GitHub\e-smartbalance\bankovy_vypis_2026_02.csv,4/22/2026
bankovým prevodom,411.81,EUR,2/2/2026,1,20260120193,SK271100000190435230,Ing. Pavol Vnuk - NORPAL,C:\Users\Jana\Documents\GitHub\e-smartbalance\bankovy_vypis_2026_02.csv,4/22/2026
bankovým prevodom,203.69,EUR,2/4/2026,1,20260121195,SK690900000829439818,Ing. Pavol Vnuk - NORPAL,C:\Users\Jana\Documents\GitHub\e-smartbalance\bankovy_vypis_2026_02.csv,4/22/2026
bankovým prevodom,269.36,GBP,2/18/2026,0.8724,20260121003,SK480900000559183358,British Airways,C:\Users\Jana\Documents\GitHub\e-smartbalance\bankovy_vypis_2026_02.csv,4/22/2026
bankovým prevodom,436.69,EUR,2/2/2026,1,20260122006,SK2509000000000000000022,Lucia Prekladová - LINGUA,C:\Users\Jana\Documents\GitHub\e-smartbalance\bankovy_vypis_2026_02.csv,4/22/2026
bankovým prevodom,"1,413.75",EUR,2/4/2026,1,20260122199,SK141100000766363918,Flux a.s.,C:\Users\Jana\Documents\GitHub\e-smartbalance\bankovy_vypis_2026_02.csv,4/22/2026
bankovým prevodom,-51.91,EUR,2/7/2026,1,2026010007,SK9709000000000000000006,KROS a.s.,C:\Users\Jana\Documents\GitHub\e-smartbalance\bankovy_vypis_2026_02.csv,4/22/2026
bankovým prevodom,"1,114.66",EUR,2/4/2026,1,20260122006,SK2509000000000000000022,Lucia Prekladová - LINGUA,C:\Users\Jana\Documents\GitHub\e-smartbalance\bankovy_vypis_2026_02.csv,4/22/2026
bankovým prevodom,"1,321.21",GBP,2/1/2026,0.8662,20260122198,SK490900000644812464,British Airways,C:\Users\Jana\Documents\GitHub\e-smartbalance\bankovy_vypis_2026_02.csv,4/22/2026
bankovým prevodom,757.51,EUR,2/2/2026,1,20260123201,SK2509000000000000000022,Lucia Prekladová - LINGUA,C:\Users\Jana\Documents\GitHub\e-smartbalance\bankovy_vypis_2026_02.csv,4/22/2026
bankovým prevodom,762.17,EUR,2/9/2026,1,20260123011,SK390900000895724057,Jana Tvorivá - Creative Studio,C:\Users\Jana\Documents\GitHub\e-smartbalance\bankovy_vypis_2026_02.csv,4/22/2026
bankovým prevodom,570.14,EUR,2/3/2026,1,20260123009,SK140900000049082398,Ing. Pavol Vnuk - NORPAL,C:\Users\Jana\Documents\GitHub\e-smartbalance\bankovy_vypis_2026_02.csv,4/22/2026
bankovým prevodom,188.35,EUR,2/6/2026,1,20260123010,SK770900000622947215,Jana Tvorivá - Creative Studio,C:\Users\Jana\Documents\GitHub\e-smartbalance\bankovy_vypis_2026_02.csv,4/22/2026
bankovým prevodom,258.88,EUR,2/2/2026,1,20260123009,SK760900000908143400,Flux a.s.,C:\Users\Jana\Documents\GitHub\e-smartbalance\bankovy_vypis_2026_02.csv,4/22/2026
bankovým prevodom,419.84,EUR,2/3/2026,1,20260126205,SK930900000637627899,Flux a.s.,C:\Users\Jana\Documents\GitHub\e-smartbalance\bankovy_vypis_2026_02.csv,4/22/2026
bankovým prevodom,249.37,EUR,2/9/2026,1,20260126013,SK2509000000000000000022,Lucia Prekladová - LINGUA,C:\Users\Jana\Documents\GitHub\e-smartbalance\bankovy_vypis_2026_02.csv,4/22/2026
bankovým prevodom,-237.09,EUR,2/5/2026,1,2026010011,SK9709000000000000000006,KROS a.s.,C:\Users\Jana\Documents\GitHub\e-smartbalance\bankovy_vypis_2026_02.csv,4/22/2026
bankovým prevodom,"1,220.71",EUR,2/6/2026,1,20260126014,SK2509000000000000000022,Lucia Prekladová - LINGUA,C:\Users\Jana\Documents\GitHub\e-smartbalance\bankovy_vypis_2026_02.csv,4/22/2026
bankovým prevodom,260.03,GBP,2/3/2026,0.8623,20260126014,SK770900000842608749,British Airways,C:\Users\Jana\Documents\GitHub\e-smartbalance\bankovy_vypis_2026_02.csv,4/22/2026
bankovým prevodom,"1,220.07",GBP,2/10/2026,0.8695,20260127017,SK950900000288805484,British Airways,C:\Users\Jana\Documents\GitHub\e-smartbalance\bankovy_vypis_2026_02.csv,4/22/2026
bankovým prevodom,156.34,EUR,2/12/2026,1,20260127015,SK221100000281711935,Lucia Prekladová - LINGUA,C:\Users\Jana\Documents\GitHub\e-smartbalance\bankovy_vypis_2026_02.csv,4/22/2026
bankovým prevodom,-838.67,EUR,2/7/2026,1,2026010012,SK9709000000000000000006,KROS a.s.,C:\Users\Jana\Documents\GitHub\e-smartbalance\bankovy_vypis_2026_02.csv,4/22/2026
bankovým prevodom,"1,200.59",GBP,2/1/2026,0.8662,20260127017,SK320900000615684508,British Airways,C:\Users\Jana\Documents\GitHub\e-smartbalance\bankovy_vypis_2026_02.csv,4/22/2026
bankovým prevodom,"1,497.97",CZK,2/4/2026,24.357,20260127016,CZ8701000000000000000019,Alza.cz a.s.,C:\Users\Jana\Documents\GitHub\e-smartbalance\bankovy_vypis_2026_02.csv,4/22/2026
bankovým prevodom,169.32,EUR,2/2/2026,1,20260127015,SK550900000559757708,Jana Tvorivá - Creative Studio,C:\Users\Jana\Documents\GitHub\e-smartbalance\bankovy_vypis_2026_02.csv,4/22/2026
bankovým prevodom,169.33,EUR,2/12/2026,1,20260127015,SK550900000559757708,Jana Tvorivá - Creative Studio,C:\Users\Jana\Documents\GitHub\e-smartbalance\bankovy_vypis_2026_02.csv,4/22/2026
bankovým prevodom,"-1,574.33",EUR,2/9/2026,1,2026010013,SK9709000000000000000006,KROS a.s.,C:\Users\Jana\Documents\GitHub\e-smartbalance\bankovy_vypis_2026_02.csv,4/22/2026
bankovým prevodom,500.30,GBP,2/2/2026,0.8658,20260128210,SK220900000006325900,British Airways,C:\Users\Jana\Documents\GitHub\e-smartbalance\bankovy_vypis_2026_02.csv,4/22/2026
bankovým prevodom,"1,333.67",GBP,2/6/2026,0.8679,20260128018,SK790900000327193140,British Airways,C:\Users\Jana\Documents\GitHub\e-smartbalance\bankovy_vypis_2026_02.csv,4/22/2026
bankovým prevodom,117.32,GBP,2/18/2026,0.8724,20260128211,SK120900000890084086,British Airways,C:\Users\Jana\Documents\GitHub\e-smartbalance\bankovy_vypis_2026_02.csv,4/22/2026
bankovým prevodom,513.91,CZK,2/3/2026,24.312,20260128020,CZ8701000000000000000019,Alza.cz a.s.,C:\Users\Jana\Documents\GitHub\e-smartbalance\bankovy_vypis_2026_02.csv,4/22/2026
bankovým prevodom,165.09,CZK,2/19/2026,24.245,20260128020,CZ8701000000000000000019,Alza.cz a.s.,C:\Users\Jana\Documents\GitHub\e-smartbalance\bankovy_vypis_2026_02.csv,4/22/2026
bankovým prevodom,167.81,CZK,2/22/2026,24.245,20260128212,CZ8701000000000000000019,Alza.cz a.s.,C:\Users\Jana\Documents\GitHub\e-smartbalance\bankovy_vypis_2026_02.csv,4/22/2026
bankovým prevodom,"1,580.24",GBP,2/27/2026,0.8763,20260128018,SK170900000024584829,British Airways,C:\Users\Jana\Documents\GitHub\e-smartbalance\bankovy_vypis_2026_02.csv,4/22/2026
bankovým prevodom,235.35,EUR,2/5/2026,1,20260128019,SK440900000590834855,Jana Tvorivá - Creative Studio,C:\Users\Jana\Documents\GitHub\e-smartbalance\bankovy_vypis_2026_02.csv,4/22/2026
bankovým prevodom,903.98,GBP,2/2/2026,0.8658,20260129215,SK860900000463697134,British Airways,C:\Users\Jana\Documents\GitHub\e-smartbalance\bankovy_vypis_2026_02.csv,4/22/2026
bankovým prevodom,371.00,EUR,2/2/2026,1,20260129021,SK790900000442330717,Jana Tvorivá - Creative Studio,C:\Users\Jana\Documents\GitHub\e-smartbalance\bankovy_vypis_2026_02.csv,4/22/2026
bankovým prevodom,371.01,EUR,2/8/2026,1,20260129021,SK790900000442330717,Jana Tvorivá - Creative Studio,C:\Users\Jana\Documents\GitHub\e-smartbalance\bankovy_vypis_2026_02.csv,4/22/2026
bankovým prevodom,724.41,EUR,2/4/2026,1,20260129214,SK2509000000000000000022,Lucia Prekladová - LINGUA,C:\Users\Jana\Documents\GitHub\e-smartbalance\bankovy_vypis_2026_02.csv,4/22/2026
bankovým prevodom,724.41,EUR,2/15/2026,1,20260129214,SK2509000000000000000022,Lucia Prekladová - LINGUA,C:\Users\Jana\Documents\GitHub\e-smartbalance\bankovy_vypis_2026_02.csv,4/22/2026
bankovým prevodom,635.37,EUR,2/1/2026,1,20260129021,SK2509000000000000000022,Lucia Prekladová - LINGUA,C:\Users\Jana\Documents\GitHub\e-smartbalance\bankovy_vypis_2026_02.csv,4/22/2026
bankovým prevodom,496.66,EUR,2/1/2026,1,20260129022,SK361100000980164765,Lucia Prekladová - LINGUA,C:\Users\Jana\Documents\GitHub\e-smartbalance\bankovy_vypis_2026_02.csv,4/22/2026
bankovým prevodom,"1,034.51",EUR,2/6/2026,1,20260129022,SK350900000422166347,Flux a.s.,C:\Users\Jana\Documents\GitHub\e-smartbalance\bankovy_vypis_2026_02.csv,4/22/2026
bankovým prevodom,205.97,EUR,2/1/2026,1,20260129023,SK631100000383192061,Jana Tvorivá - Creative Studio,C:\Users\Jana\Documents\GitHub\e-smartbalance\bankovy_vypis_2026_02.csv,4/22/2026
bankovým prevodom,205.97,EUR,2/12/2026,1,20260129023,SK631100000383192061,Jana Tvorivá - Creative Studio,C:\Users\Jana\Documents\GitHub\e-smartbalance\bankovy_vypis_2026_02.csv,4/22/2026
bankovým prevodom,771.46,EUR,2/12/2026,1,20260130026,SK560900000813229977,Ing. Pavol Vnuk - NORPAL,C:\Users\Jana\Documents\GitHub\e-smartbalance\bankovy_vypis_2026_02.csv,4/22/2026
bankovým prevodom,267.56,EUR,2/4/2026,1,20260130217,SK2509000000000000000022,Lucia Prekladová - LINGUA,C:\Users\Jana\Documents\GitHub\e-smartbalance\bankovy_vypis_2026_02.csv,4/22/2026
bankovým prevodom,267.56,EUR,2/13/2026,1,20260130217,SK2509000000000000000022,Lucia Prekladová - LINGUA,C:\Users\Jana\Documents\GitHub\e-smartbalance\bankovy_vypis_2026_02.csv,4/22/2026
bankovým prevodom,125.81,EUR,2/7/2026,1,20260130025,SK810900000108379721,Ing. Pavol Vnuk - NORPAL,C:\Users\Jana\Documents\GitHub\e-smartbalance\bankovy_vypis_2026_02.csv,4/22/2026
bankovým prevodom,"1,414.04",EUR,2/12/2026,1,20260130026,SK280900000783912955,Flux a.s.,C:\Users\Jana\Documents\GitHub\e-smartbalance\bankovy_vypis_2026_02.csv,4/22/2026
bankovým prevodom,861.19,EUR,2/1/2026,1,20260130218,SK980900000435672282,Ing. Pavol Vnuk - NORPAL,C:\Users\Jana\Documents\GitHub\e-smartbalance\bankovy_vypis_2026_02.csv,4/22/2026
bankovým prevodom,-113.20,EUR,2/13/2026,1,2026010016,SK9709000000000000000006,KROS a.s.,C:\Users\Jana\Documents\GitHub\e-smartbalance\bankovy_vypis_2026_02.csv,4/22/2026
bankovým prevodom,-222.52,EUR,2/13/2026,1,2026010015,SK9709000000000000000006,KROS a.s.,C:\Users\Jana\Documents\GitHub\e-smartbalance\bankovy_vypis_2026_02.csv,4/22/2026
bankovým prevodom,"1,174.20",EUR,2/5/2026,1,20260130025,SK2509000000000000000022,Lucia Prekladová - LINGUA,C:\Users\Jana\Documents\GitHub\e-smartbalance\bankovy_vypis_2026_02.csv,4/22/2026
bankovým prevodom,-835.25,EUR,2/13/2026,1,2026010014,SK9709000000000000000006,KROS a.s.,C:\Users\Jana\Documents\GitHub\e-smartbalance\bankovy_vypis_2026_02.csv,4/22/2026
bankovým prevodom,317.11,EUR,2/12/2026,1,20260202027,SK190900000316839873,Jana Tvorivá - Creative Studio,C:\Users\Jana\Documents\GitHub\e-smartbalance\bankovy_vypis_2026_02.csv,4/22/2026
bankovým prevodom,924.95,EUR,2/9/2026,1,20260202029,SK340900000750715612,Jana Tvorivá - Creative Studio,C:\Users\Jana\Documents\GitHub\e-smartbalance\bankovy_vypis_2026_02.csv,4/22/2026
bankovým prevodom,"1,330.71",GBP,2/13/2026,0.8716,20260202027,SK380900000018556892,British Airways,C:\Users\Jana\Documents\GitHub\e-smartbalance\bankovy_vypis_2026_02.csv,4/22/2026
bankovým prevodom,-295.06,EUR,2/7/2026,1,2026020002,SK9709000000000000000006,KROS a.s.,C:\Users\Jana\Documents\GitHub\e-smartbalance\bankovy_vypis_2026_02.csv,4/22/2026
bankovým prevodom,-295.06,EUR,2/17/2026,1,2026020002,SK9709000000000000000006,KROS a.s.,C:\Users\Jana\Documents\GitHub\e-smartbalance\bankovy_vypis_2026_02.csv,4/22/2026
bankovým prevodom,265.01,EUR,2/6/2026,1,20260202221,SK2509000000000000000022,Lucia Prekladová - LINGUA,C:\Users\Jana\Documents\GitHub\e-smartbalance\bankovy_vypis_2026_02.csv,4/22/2026
bankovým prevodom,265.01,EUR,2/18/2026,1,20260202221,SK2509000000000000000022,Lucia Prekladová - LINGUA,C:\Users\Jana\Documents\GitHub\e-smartbalance\bankovy_vypis_2026_02.csv,4/22/2026
bankovým prevodom,"5,200.00",CZK,2/9/2026,24.217,2022026,CZ8701000000000000000019,Alza.cz a.s.,C:\Users\Jana\Documents\GitHub\e-smartbalance\bankovy_vypis_2026_02.csv,4/22/2026
bankovým prevodom,"-1,269.62",EUR,2/11/2026,1,2026020003,SK9709000000000000000006,KROS a.s.,C:\Users\Jana\Documents\GitHub\e-smartbalance\bankovy_vypis_2026_02.csv,4/22/2026
bankovým prevodom,96.50,EUR,2/8/2026,1,20260202219,SK220900000605646252,Flux a.s.,C:\Users\Jana\Documents\GitHub\e-smartbalance\bankovy_vypis_2026_02.csv,4/22/2026
bankovým prevodom,96.50,EUR,2/19/2026,1,20260202219,SK220900000605646252,Flux a.s.,C:\Users\Jana\Documents\GitHub\e-smartbalance\bankovy_vypis_2026_02.csv,4/22/2026
bankovým prevodom,"1,200.00",EUR,2/7/2026,1,20260038,SK700900000679286002,Ing. Pavol Vnuk - NORPAL,C:\Users\Jana\Documents\GitHub\e-smartbalance\bankovy_vypis_2026_02.csv,4/22/2026
bankovým prevodom,-9.18,EUR,2/7/2026,1,2026020001,SK101100000198845743,KROS a.s.,C:\Users\Jana\Documents\GitHub\e-smartbalance\bankovy_vypis_2026_02.csv,4/22/2026
bankovým prevodom,-9.18,EUR,2/12/2026,1,2026020001,SK101100000198845743,KROS a.s.,C:\Users\Jana\Documents\GitHub\e-smartbalance\bankovy_vypis_2026_02.csv,4/22/2026
bankovým prevodom,620.56,EUR,2/13/2026,1,20260202029,SK2509000000000000000022,Lucia Prekladová - LINGUA,C:\Users\Jana\Documents\GitHub\e-smartbalance\bankovy_vypis_2026_02.csv,4/22/2026
bankovým prevodom,-911.39,EUR,2/8/2026,1,2026020004,SK9709000000000000000006,KROS a.s.,C:\Users\Jana\Documents\GitHub\e-smartbalance\bankovy_vypis_2026_02.csv,4/22/2026
bankovým prevodom,909.43,EUR,2/6/2026,1,20260203223,SK2509000000000000000022,Lucia Prekladová - LINGUA,C:\Users\Jana\Documents\GitHub\e-smartbalance\bankovy_vypis_2026_02.csv,4/22/2026
bankovým prevodom,635.85,EUR,2/8/2026,1,20260203030,SK2509000000000000000022,Lucia Prekladová - LINGUA,C:\Users\Jana\Documents\GitHub\e-smartbalance\bankovy_vypis_2026_02.csv,4/22/2026
bankovým prevodom,234.77,EUR,2/12/2026,1,20260203031,SK580900000031858980,Flux a.s.,C:\Users\Jana\Documents\GitHub\e-smartbalance\bankovy_vypis_2026_02.csv,4/22/2026
bankovým prevodom,343.63,EUR,2/9/2026,1,20260203222,SK790900000051243543,Ing. Pavol Vnuk - NORPAL,C:\Users\Jana\Documents\GitHub\e-smartbalance\bankovy_vypis_2026_02.csv,4/22/2026
bankovým prevodom,"-1,340.90",EUR,2/10/2026,1,2026020005,SK9709000000000000000006,KROS a.s.,C:\Users\Jana\Documents\GitHub\e-smartbalance\bankovy_vypis_2026_02.csv,4/22/2026
bankovým prevodom,"1,453.49",EUR,2/6/2026,1,20260203030,SK2509000000000000000022,Lucia Prekladová - LINGUA,C:\Users\Jana\Documents\GitHub\e-smartbalance\bankovy_vypis_2026_02.csv,4/22/2026
bankovým prevodom,"-1,526.74",EUR,2/9/2026,1,2026020006,SK9709000000000000000006,KROS a.s.,C:\Users\Jana\Documents\GitHub\e-smartbalance\bankovy_vypis_2026_02.csv,4/22/2026
bankovým prevodom,398.30,GBP,2/26/2026,0.8719,20260203031,SK300900000356732487,British Airways,C:\Users\Jana\Documents\GitHub\e-smartbalance\bankovy_vypis_2026_02.csv,4/22/2026
bankovým prevodom,"1,020.10",EUR,2/7/2026,1,20260204033,SK2509000000000000000022,Lucia Prekladová - LINGUA,C:\Users\Jana\Documents\GitHub\e-smartbalance\bankovy_vypis_2026_02.csv,4/22/2026
bankovým prevodom,"1,126.29",GBP,2/9/2026,0.8701,20260204227,SK320900000827182113,British Airways,C:\Users\Jana\Documents\GitHub\e-smartbalance\bankovy_vypis_2026_02.csv,4/22/2026
bankovým prevodom,500.73,EUR,2/7/2026,1,20260204034,SK140900000553102969,Jana Tvorivá - Creative Studio,C:\Users\Jana\Documents\GitHub\e-smartbalance\bankovy_vypis_2026_02.csv,4/22/2026
bankovým prevodom,813.72,EUR,2/11/2026,1,20260204034,SK480900000484352051,Ing. Pavol Vnuk - NORPAL,C:\Users\Jana\Documents\GitHub\e-smartbalance\bankovy_vypis_2026_02.csv,4/22/2026
bankovým prevodom,763.61,EUR,2/7/2026,1,20260204225,SK130900000684172271,Ing. Pavol Vnuk - NORPAL,C:\Users\Jana\Documents\GitHub\e-smartbalance\bankovy_vypis_2026_02.csv,4/22/2026
bankovým prevodom,763.61,EUR,2/13/2026,1,20260204225,SK130900000684172271,Ing. Pavol Vnuk - NORPAL,C:\Users\Jana\Documents\GitHub\e-smartbalance\bankovy_vypis_2026_02.csv,4/22/2026
bankovým prevodom,"1,435.08",EUR,2/10/2026,1,20260204033,SK2509000000000000000022,Lucia Prekladová - LINGUA,C:\Users\Jana\Documents\GitHub\e-smartbalance\bankovy_vypis_2026_02.csv,4/22/2026
bankovým prevodom,350.00,EUR,2/17/2026,1,20260040,SK310900000679014980,Jana Tvorivá - Creative Studio,C:\Users\Jana\Documents\GitHub\e-smartbalance\bankovy_vypis_2026_02.csv,4/22/2026
bankovým prevodom,450.00,EUR,2/16/2026,1,20260039,SK2509000000000000000022,Lucia Prekladová - LINGUA,C:\Users\Jana\Documents\GitHub\e-smartbalance\bankovy_vypis_2026_02.csv,4/22/2026
bankovým prevodom,682.01,EUR,2/17/2026,1,20260204226,SK790900000212094604,Jana Tvorivá - Creative Studio,C:\Users\Jana\Documents\GitHub\e-smartbalance\bankovy_vypis_2026_02.csv,4/22/2026
bankovým prevodom,230.06,EUR,2/7/2026,1,20260204035,SK550900000857805191,Flux a.s.,C:\Users\Jana\Documents\GitHub\e-smartbalance\bankovy_vypis_2026_02.csv,4/22/2026
bankovým prevodom,230.05,EUR,2/20/2026,1,20260204035,SK550900000857805191,Flux a.s.,C:\Users\Jana\Documents\GitHub\e-smartbalance\bankovy_vypis_2026_02.csv,4/22/2026
bankovým prevodom,"1,091.92",EUR,2/11/2026,1,20260205230,SK160900000674417793,Flux a.s.,C:\Users\Jana\Documents\GitHub\e-smartbalance\bankovy_vypis_2026_02.csv,4/22/2026
bankovým prevodom,444.05,EUR,2/12/2026,1,20260205037,SK461100000749169170,Flux a.s.,C:\Users\Jana\Documents\GitHub\e-smartbalance\bankovy_vypis_2026_02.csv,4/22/2026
bankovým prevodom,167.54,CZK,2/27/2026,24.244,20260205228,CZ8701000000000000000019,Alza.cz a.s.,C:\Users\Jana\Documents\GitHub\e-smartbalance\bankovy_vypis_2026_02.csv,4/22/2026
bankovým prevodom,410.66,EUR,2/18/2026,1,20260205037,SK380900000009360611,Ing. Pavol Vnuk - NORPAL,C:\Users\Jana\Documents\GitHub\e-smartbalance\bankovy_vypis_2026_02.csv,4/22/2026
bankovým prevodom,-35.09,EUR,2/10/2026,1,2026020007,SK9709000000000000000006,KROS a.s.,C:\Users\Jana\Documents\GitHub\e-smartbalance\bankovy_vypis_2026_02.csv,4/22/2026
bankovým prevodom,-35.09,EUR,2/16/2026,1,2026020007,SK9709000000000000000006,KROS a.s.,C:\Users\Jana\Documents\GitHub\e-smartbalance\bankovy_vypis_2026_02.csv,4/22/2026
bankovým prevodom,706.66,EUR,2/6/2026,1,20260205038,SK690900000900515615,Ing. Pavol Vnuk - NORPAL,C:\Users\Jana\Documents\GitHub\e-smartbalance\bankovy_vypis_2026_02.csv,4/22/2026
bankovým prevodom,585.33,EUR,2/18/2026,1,20260205038,SK800900000005278825,Jana Tvorivá - Creative Studio,C:\Users\Jana\Documents\GitHub\e-smartbalance\bankovy_vypis_2026_02.csv,4/22/2026
bankovým prevodom,71.42,EUR,2/7/2026,1,20260205229,SK2509000000000000000022,Lucia Prekladová - LINGUA,C:\Users\Jana\Documents\GitHub\e-smartbalance\bankovy_vypis_2026_02.csv,4/22/2026
bankovým prevodom,71.42,EUR,2/21/2026,1,20260205229,SK2509000000000000000022,Lucia Prekladová - LINGUA,C:\Users\Jana\Documents\GitHub\e-smartbalance\bankovy_vypis_2026_02.csv,4/22/2026
bankovým prevodom,981.88,EUR,2/12/2026,1,20260206041,SK750900000037583291,Jana Tvorivá - Creative Studio,C:\Users\Jana\Documents\GitHub\e-smartbalance\bankovy_vypis_2026_02.csv,4/22/2026
bankovým prevodom,214.45,EUR,2/8/2026,1,20260206041,SK880900000824176429,Jana Tvorivá - Creative Studio,C:\Users\Jana\Documents\GitHub\e-smartbalance\bankovy_vypis_2026_02.csv,4/22/2026
bankovým prevodom,214.45,EUR,2/16/2026,1,20260206041,SK880900000824176429,Jana Tvorivá - Creative Studio,C:\Users\Jana\Documents\GitHub\e-smartbalance\bankovy_vypis_2026_02.csv,4/22/2026
bankovým prevodom,511.67,EUR,2/17/2026,1,20260206039,SK170900000820793627,Ing. Pavol Vnuk - NORPAL,C:\Users\Jana\Documents\GitHub\e-smartbalance\bankovy_vypis_2026_02.csv,4/22/2026
bankovým prevodom,469.77,GBP,2/13/2026,0.8716,20260206233,SK650900000199193894,British Airways,C:\Users\Jana\Documents\GitHub\e-smartbalance\bankovy_vypis_2026_02.csv,4/22/2026
bankovým prevodom,-302.10,EUR,2/12/2026,1,2026020008,SK9709000000000000000006,KROS a.s.,C:\Users\Jana\Documents\GitHub\e-smartbalance\bankovy_vypis_2026_02.csv,4/22/2026
bankovým prevodom,-302.10,EUR,2/25/2026,1,2026020008,SK9709000000000000000006,KROS a.s.,C:\Users\Jana\Documents\GitHub\e-smartbalance\bankovy_vypis_2026_02.csv,4/22/2026
bankovým prevodom,-293.31,EUR,2/11/2026,1,2026020009,SK9709000000000000000006,KROS a.s.,C:\Users\Jana\Documents\GitHub\e-smartbalance\bankovy_vypis_2026_02.csv,4/22/2026
bankovým prevodom,-293.31,EUR,2/19/2026,1,2026020009,SK9709000000000000000006,KROS a.s.,C:\Users\Jana\Documents\GitHub\e-smartbalance\bankovy_vypis_2026_02.csv,4/22/2026
bankovým prevodom,"1,283.75",EUR,2/20/2026,1,20260206231,SK2509000000000000000022,Lucia Prekladová - LINGUA,C:\Users\Jana\Documents\GitHub\e-smartbalance\bankovy_vypis_2026_02.csv,4/22/2026
bankovým prevodom,750.00,GBP,2/10/2026,0.8695,20260042,SK530900000392115532,British Airways,C:\Users\Jana\Documents\GitHub\e-smartbalance\bankovy_vypis_2026_02.csv,4/22/2026
bankovým prevodom,"1,800.00",EUR,2/19/2026,1,20260041,SK510900000690419792,Flux a.s.,C:\Users\Jana\Documents\GitHub\e-smartbalance\bankovy_vypis_2026_02.csv,4/22/2026
bankovým prevodom,122.82,EUR,2/11/2026,1,20260206039,SK180900000619904100,Flux a.s.,C:\Users\Jana\Documents\GitHub\e-smartbalance\bankovy_vypis_2026_02.csv,4/22/2026
bankovým prevodom,-155.14,EUR,2/9/2026,1,2026020010,SK9709000000000000000006,KROS a.s.,C:\Users\Jana\Documents\GitHub\e-smartbalance\bankovy_vypis_2026_02.csv,4/22/2026
bankovým prevodom,-155.14,EUR,2/21/2026,1,2026020010,SK9709000000000000000006,KROS a.s.,C:\Users\Jana\Documents\GitHub\e-smartbalance\bankovy_vypis_2026_02.csv,4/22/2026
bankovým prevodom,632.07,EUR,2/11/2026,1,20260209043,SK400900000054633140,Jana Tvorivá - Creative Studio,C:\Users\Jana\Documents\GitHub\e-smartbalance\bankovy_vypis_2026_02.csv,4/22/2026
bankovým prevodom,717.10,GBP,2/16/2026,0.869,20260209043,SK700900000837665080,British Airways,C:\Users\Jana\Documents\GitHub\e-smartbalance\bankovy_vypis_2026_02.csv,4/22/2026
bankovým prevodom,439.18,EUR,2/14/2026,1,20260209235,SK100900000575016915,Ing. Pavol Vnuk - NORPAL,C:\Users\Jana\Documents\GitHub\e-smartbalance\bankovy_vypis_2026_02.csv,4/22/2026
bankovým prevodom,"-1,588.96",EUR,2/14/2026,1,2026020011,SK9709000000000000000006,KROS a.s.,C:\Users\Jana\Documents\GitHub\e-smartbalance\bankovy_vypis_2026_02.csv,4/22/2026
bankovým prevodom,"1,468.62",GBP,2/10/2026,0.8695,20260209234,SK140900000370047986,British Airways,C:\Users\Jana\Documents\GitHub\e-smartbalance\bankovy_vypis_2026_02.csv,4/22/2026
bankovým prevodom,773.91,EUR,2/13/2026,1,20260209042,SK2509000000000000000022,Lucia Prekladová - LINGUA,C:\Users\Jana\Documents\GitHub\e-smartbalance\bankovy_vypis_2026_02.csv,4/22/2026
bankovým prevodom,"1,038.57",EUR,2/12/2026,1,20260209042,SK141100000708703040,Ing. Pavol Vnuk - NORPAL,C:\Users\Jana\Documents\GitHub\e-smartbalance\bankovy_vypis_2026_02.csv,4/22/2026
bankovým prevodom,873.39,EUR,2/17/2026,1,20260210046,SK2509000000000000000022,Lucia Prekladová - LINGUA,C:\Users\Jana\Documents\GitHub\e-smartbalance\bankovy_vypis_2026_02.csv,4/22/2026
bankovým prevodom,"1,350.80",GBP,2/24/2026,0.8731,20260210047,SK510900000387696086,British Airways,C:\Users\Jana\Documents\GitHub\e-smartbalance\bankovy_vypis_2026_02.csv,4/22/2026
bankovým prevodom,521.26,EUR,2/16/2026,1,20260210047,SK301100000446959793,Ing. Pavol Vnuk - NORPAL,C:\Users\Jana\Documents\GitHub\e-smartbalance\bankovy_vypis_2026_02.csv,4/22/2026
bankovým prevodom,"1,200.00",EUR,2/11/2026,1,20260043,SK440900000083845615,Ing. Pavol Vnuk - NORPAL,C:\Users\Jana\Documents\GitHub\e-smartbalance\bankovy_vypis_2026_02.csv,4/22/2026
bankovým prevodom,114.16,EUR,2/15/2026,1,20260210045,SK2509000000000000000022,Lucia Prekladová - LINGUA,C:\Users\Jana\Documents\GitHub\e-smartbalance\bankovy_vypis_2026_02.csv,4/22/2026
bankovým prevodom,114.16,EUR,2/20/2026,1,20260210045,SK2509000000000000000022,Lucia Prekladová - LINGUA,C:\Users\Jana\Documents\GitHub\e-smartbalance\bankovy_vypis_2026_02.csv,4/22/2026
bankovým prevodom,137.06,EUR,2/17/2026,1,20260210238,SK701100000648047684,Ing. Pavol Vnuk - NORPAL,C:\Users\Jana\Documents\GitHub\e-smartbalance\bankovy_vypis_2026_02.csv,4/22/2026
bankovým prevodom,"3,300.00",CZK,2/18/2026,24.256,2102026,CZ8701000000000000000019,Alza.cz a.s.,C:\Users\Jana\Documents\GitHub\e-smartbalance\bankovy_vypis_2026_02.csv,4/22/2026
bankovým prevodom,"1,517.16",EUR,2/14/2026,1,20260210239,SK611100000474580168,Jana Tvorivá - Creative Studio,C:\Users\Jana\Documents\GitHub\e-smartbalance\bankovy_vypis_2026_02.csv,4/22/2026
bankovým prevodom,512.41,EUR,2/15/2026,1,20260210237,SK2509000000000000000022,Lucia Prekladová - LINGUA,C:\Users\Jana\Documents\GitHub\e-smartbalance\bankovy_vypis_2026_02.csv,4/22/2026
bankovým prevodom,638.57,EUR,2/16/2026,1,20260210045,SK231100000890390276,Lucia Prekladová - LINGUA,C:\Users\Jana\Documents\GitHub\e-smartbalance\bankovy_vypis_2026_02.csv,4/22/2026
bankovým prevodom,638.57,EUR,2/24/2026,1,20260210045,SK231100000890390276,Lucia Prekladová - LINGUA,C:\Users\Jana\Documents\GitHub\e-smartbalance\bankovy_vypis_2026_02.csv,4/22/2026
bankovým prevodom,76.22,EUR,2/15/2026,1,20260210046,SK2509000000000000000022,Lucia Prekladová - LINGUA,C:\Users\Jana\Documents\GitHub\e-smartbalance\bankovy_vypis_2026_02.csv,4/22/2026
bankovým prevodom,76.21,EUR,2/26/2026,1,20260210046,SK2509000000000000000022,Lucia Prekladová - LINGUA,C:\Users\Jana\Documents\GitHub\e-smartbalance\bankovy_vypis_2026_02.csv,4/22/2026
bankovým prevodom,471.87,EUR,2/19/2026,1,20260211050,SK2509000000000000000022,Lucia Prekladová - LINGUA,C:\Users\Jana\Documents\GitHub\e-smartbalance\bankovy_vypis_2026_02.csv,4/22/2026
bankovým prevodom,539.68,EUR,2/22/2026,1,20260211049,SK990900000598827957,Flux a.s.,C:\Users\Jana\Documents\GitHub\e-smartbalance\bankovy_vypis_2026_02.csv,4/22/2026
bankovým prevodom,-662.90,EUR,2/14/2026,1,2026020012,SK9709000000000000000006,KROS a.s.,C:\Users\Jana\Documents\GitHub\e-smartbalance\bankovy_vypis_2026_02.csv,4/22/2026
bankovým prevodom,-662.89,EUR,2/26/2026,1,2026020012,SK9709000000000000000006,KROS a.s.,C:\Users\Jana\Documents\GitHub\e-smartbalance\bankovy_vypis_2026_02.csv,4/22/2026
bankovým prevodom,120.38,EUR,2/15/2026,1,20260211242,SK170900000009205639,Ing. Pavol Vnuk - NORPAL,C:\Users\Jana\Documents\GitHub\e-smartbalance\bankovy_vypis_2026_02.csv,4/22/2026
bankovým prevodom,772.19,CZK,2/14/2026,24.263,20260211048,CZ8701000000000000000019,Alza.cz a.s.,C:\Users\Jana\Documents\GitHub\e-smartbalance\bankovy_vypis_2026_02.csv,4/22/2026
bankovým prevodom,195.03,EUR,2/13/2026,1,20260211049,SK2509000000000000000022,Lucia Prekladová - LINGUA,C:\Users\Jana\Documents\GitHub\e-smartbalance\bankovy_vypis_2026_02.csv,4/22/2026
bankovým prevodom,195.03,EUR,2/26/2026,1,20260211049,SK2509000000000000000022,Lucia Prekladová - LINGUA,C:\Users\Jana\Documents\GitHub\e-smartbalance\bankovy_vypis_2026_02.csv,4/22/2026
bankovým prevodom,-102.33,EUR,2/17/2026,1,2026020013,SK9709000000000000000006,KROS a.s.,C:\Users\Jana\Documents\GitHub\e-smartbalance\bankovy_vypis_2026_02.csv,4/22/2026
bankovým prevodom,-102.33,EUR,2/22/2026,1,2026020013,SK9709000000000000000006,KROS a.s.,C:\Users\Jana\Documents\GitHub\e-smartbalance\bankovy_vypis_2026_02.csv,4/22/2026
bankovým prevodom,969.43,EUR,2/20/2026,1,20260211050,SK630900000670759796,Ing. Pavol Vnuk - NORPAL,C:\Users\Jana\Documents\GitHub\e-smartbalance\bankovy_vypis_2026_02.csv,4/22/2026
bankovým prevodom,437.45,EUR,2/24/2026,1,20260212245,SK830900000269353449,Flux a.s.,C:\Users\Jana\Documents\GitHub\e-smartbalance\bankovy_vypis_2026_02.csv,4/22/2026
bankovým prevodom,311.88,EUR,2/15/2026,1,20260212243,SK830900000186458647,Flux a.s.,C:\Users\Jana\Documents\GitHub\e-smartbalance\bankovy_vypis_2026_02.csv,4/22/2026
bankovým prevodom,311.88,EUR,2/20/2026,1,20260212243,SK830900000186458647,Flux a.s.,C:\Users\Jana\Documents\GitHub\e-smartbalance\bankovy_vypis_2026_02.csv,4/22/2026
bankovým prevodom,"1,515.81",EUR,2/25/2026,1,20260212051,SK940900000420745312,Jana Tvorivá - Creative Studio,C:\Users\Jana\Documents\GitHub\e-smartbalance\bankovy_vypis_2026_02.csv,4/22/2026
bankovým prevodom,"1,451.64",EUR,2/26/2026,1,20260212053,SK520900000833480953,Jana Tvorivá - Creative Studio,C:\Users\Jana\Documents\GitHub\e-smartbalance\bankovy_vypis_2026_02.csv,4/22/2026
bankovým prevodom,"-1,122.00",EUR,2/20/2026,1,2026020014,SK131100000446564673,KROS a.s.,C:\Users\Jana\Documents\GitHub\e-smartbalance\bankovy_vypis_2026_02.csv,4/22/2026
bankovým prevodom,297.41,EUR,2/25/2026,1,20260213246,SK750900000961301087,Ing. Pavol Vnuk - NORPAL,C:\Users\Jana\Documents\GitHub\e-smartbalance\bankovy_vypis_2026_02.csv,4/22/2026
bankovým prevodom,420.92,EUR,2/22/2026,1,20260213055,SK190900000165012061,Flux a.s.,C:\Users\Jana\Documents\GitHub\e-smartbalance\bankovy_vypis_2026_02.csv,4/22/2026
bankovým prevodom,636.03,EUR,2/18/2026,1,20260213054,SK560900000942725538,Jana Tvorivá - Creative Studio,C:\Users\Jana\Documents\GitHub\e-smartbalance\bankovy_vypis_2026_02.csv,4/22/2026
bankovým prevodom,263.23,CZK,2/27/2026,24.244,20260213248,CZ8701000000000000000019,Alza.cz a.s.,C:\Users\Jana\Documents\GitHub\e-smartbalance\bankovy_vypis_2026_02.csv,4/22/2026
bankovým prevodom,825.22,GBP,2/23/2026,0.8734,20260216249,SK830900000917071401,British Airways,C:\Users\Jana\Documents\GitHub\e-smartbalance\bankovy_vypis_2026_02.csv,4/22/2026
bankovým prevodom,658.97,EUR,2/22/2026,1,20260216059,SK720900000247847795,Flux a.s.,C:\Users\Jana\Documents\GitHub\e-smartbalance\bankovy_vypis_2026_02.csv,4/22/2026
bankovým prevodom,337.65,GBP,2/28/2026,0.8763,20260216250,SK770900000715802847,British Airways,C:\Users\Jana\Documents\GitHub\e-smartbalance\bankovy_vypis_2026_02.csv,4/22/2026
bankovým prevodom,998.95,EUR,2/20/2026,1,20260216057,SK770900000961892484,Jana Tvorivá - Creative Studio,C:\Users\Jana\Documents\GitHub\e-smartbalance\bankovy_vypis_2026_02.csv,4/22/2026
bankovým prevodom,789.74,EUR,2/21/2026,1,20260216251,SK920900000021912872,Jana Tvorivá - Creative Studio,C:\Users\Jana\Documents\GitHub\e-smartbalance\bankovy_vypis_2026_02.csv,4/22/2026
bankovým prevodom,"1,362.18",EUR,2/17/2026,1,20260216058,SK2509000000000000000022,Lucia Prekladová - LINGUA,C:\Users\Jana\Documents\GitHub\e-smartbalance\bankovy_vypis_2026_02.csv,4/22/2026
bankovým prevodom,130.74,EUR,2/22/2026,1,20260217253,SK120900000843098281,Jana Tvorivá - Creative Studio,C:\Users\Jana\Documents\GitHub\e-smartbalance\bankovy_vypis_2026_02.csv,4/22/2026
bankovým prevodom,"-1,329.43",EUR,2/28/2026,1,2026020015,SK761100000231681525,KROS a.s.,C:\Users\Jana\Documents\GitHub\e-smartbalance\bankovy_vypis_2026_02.csv,4/22/2026
bankovým prevodom,"-1,170.44",EUR,2/28/2026,1,2026020016,SK9709000000000000000006,KROS a.s.,C:\Users\Jana\Documents\GitHub\e-smartbalance\bankovy_vypis_2026_02.csv,4/22/2026
bankovým prevodom,"1,397.23",EUR,2/27/2026,1,20260218255,SK360900000481903016,Ing. Pavol Vnuk - NORPAL,C:\Users\Jana\Documents\GitHub\e-smartbalance\bankovy_vypis_2026_02.csv,4/22/2026
bankovým prevodom,"1,498.27",EUR,2/20/2026,1,20260218063,SK900900000490225433,Flux a.s.,C:\Users\Jana\Documents\GitHub\e-smartbalance\bankovy_vypis_2026_02.csv,4/22/2026
bankovým prevodom,-689.36,EUR,2/21/2026,1,2026020017,SK201100000317782878,KROS a.s.,C:\Users\Jana\Documents\GitHub\e-smartbalance\bankovy_vypis_2026_02.csv,4/22/2026
bankovým prevodom,-689.37,EUR,2/27/2026,1,2026020017,SK201100000317782878,KROS a.s.,C:\Users\Jana\Documents\GitHub\e-smartbalance\bankovy_vypis_2026_02.csv,4/22/2026
bankovým prevodom,281.10,EUR,2/25/2026,1,20260218257,SK2509000000000000000022,Lucia Prekladová - LINGUA,C:\Users\Jana\Documents\GitHub\e-smartbalance\bankovy_vypis_2026_02.csv,4/22/2026
bankovým prevodom,"-1,383.43",EUR,2/22/2026,1,2026020018,SK9709000000000000000006,KROS a.s.,C:\Users\Jana\Documents\GitHub\e-smartbalance\bankovy_vypis_2026_02.csv,4/22/2026
bankovým prevodom,"1,012.21",EUR,2/27/2026,1,20260218065,SK130900000682118713,Jana Tvorivá - Creative Studio,C:\Users\Jana\Documents\GitHub\e-smartbalance\bankovy_vypis_2026_02.csv,4/22/2026
bankovým prevodom,306.79,EUR,2/26/2026,1,20260219258,SK530900000141399860,Jana Tvorivá - Creative Studio,C:\Users\Jana\Documents\GitHub\e-smartbalance\bankovy_vypis_2026_02.csv,4/22/2026
bankovým prevodom,-199.34,EUR,2/21/2026,1,2026020019,SK9709000000000000000006,KROS a.s.,C:\Users\Jana\Documents\GitHub\e-smartbalance\bankovy_vypis_2026_02.csv,4/22/2026
bankovým prevodom,807.87,EUR,2/22/2026,1,20260219259,SK2509000000000000000022,Lucia Prekladová - LINGUA,C:\Users\Jana\Documents\GitHub\e-smartbalance\bankovy_vypis_2026_02.csv,4/22/2026
bankovým prevodom,557.71,EUR,2/28/2026,1,20260220261,SK2509000000000000000022,Lucia Prekladová - LINGUA,C:\Users\Jana\Documents\GitHub\e-smartbalance\bankovy_vypis_2026_02.csv,4/22/2026
bankovým prevodom,612.15,EUR,2/28/2026,1,20260220262,SK380900000734861850,Ing. Pavol Vnuk - NORPAL,C:\Users\Jana\Documents\GitHub\e-smartbalance\bankovy_vypis_2026_02.csv,4/22/2026
bankovým prevodom,246.70,EUR,2/25/2026,1,20260220070,SK2509000000000000000022,Lucia Prekladová - LINGUA,C:\Users\Jana\Documents\GitHub\e-smartbalance\bankovy_vypis_2026_02.csv,4/22/2026
bankovým prevodom,194.90,EUR,2/26/2026,1,20260220071,SK870900000535029589,Flux a.s.,C:\Users\Jana\Documents\GitHub\e-smartbalance\bankovy_vypis_2026_02.csv,4/22/2026
bankovým prevodom,436.64,EUR,2/26/2026,1,20260220069,SK400900000274333715,Ing. Pavol Vnuk - NORPAL,C:\Users\Jana\Documents\GitHub\e-smartbalance\bankovy_vypis_2026_02.csv,4/22/2026
bankovým prevodom,576.06,EUR,2/24/2026,1,20260223265,SK900900000652030765,Jana Tvorivá - Creative Studio,C:\Users\Jana\Documents\GitHub\e-smartbalance\bankovy_vypis_2026_02.csv,4/22/2026
bankovým prevodom,710.44,EUR,2/27/2026,1,20260224269,SK2509000000000000000022,Lucia Prekladová - LINGUA,C:\Users\Jana\Documents\GitHub\e-smartbalance\bankovy_vypis_2026_02.csv,4/22/2026
bankovým prevodom,83.28,EUR,2/28/2026,1,20260224267,SK2509000000000000000022,Lucia Prekladová - LINGUA,C:\Users\Jana\Documents\GitHub\e-smartbalance\bankovy_vypis_2026_02.csv,4/22/2026
bankovým prevodom,116.00,EUR,2/28/2026,1,20260225078,SK630900000327138304,Ing. Pavol Vnuk - NORPAL,C:\Users\Jana\Documents\GitHub\e-smartbalance\bankovy_vypis_2026_02.csv,4/22/2026
bankovým prevodom,"1,343.60",EUR,2/28/2026,1,20260226274,SK150900000505681812,Ing. Pavol Vnuk - NORPAL,C:\Users\Jana\Documents\GitHub\e-smartbalance\bankovy_vypis_2026_02.csv,4/22/2026
bankovým prevodom,-7.50,EUR,2/28/2026,1,POPLATOK 02/2026,,Mesačný poplatok za účet,C:\Users\Jana\Documents\GitHub\e-smartbalance\bankovy_vypis_2026_02.csv,4/22/2026
bankovým prevodom,220.00,GBP,3/24/2026,0.86541,20260037,SK610900000760512887,British Airways,C:\Users\Jana\Documents\GitHub\e-smartbalance\bankovy_vypis_2026_03.csv,4/22/2026
bankovým prevodom,269.36,GBP,3/8/2026,0.86693,20260121003,SK480900000559183358,British Airways,C:\Users\Jana\Documents\GitHub\e-smartbalance\bankovy_vypis_2026_03.csv,4/22/2026
bankovým prevodom,"1,248.63",CZK,3/16/2026,24.436,20260126012,CZ8701000000000000000019,Alza.cz a.s.,C:\Users\Jana\Documents\GitHub\e-smartbalance\bankovy_vypis_2026_03.csv,4/22/2026
bankovým prevodom,117.32,GBP,3/17/2026,0.8643,20260128211,SK120900000890084086,British Airways,C:\Users\Jana\Documents\GitHub\e-smartbalance\bankovy_vypis_2026_03.csv,4/22/2026
bankovým prevodom,165.09,CZK,3/18/2026,24.467,20260128020,CZ8701000000000000000019,Alza.cz a.s.,C:\Users\Jana\Documents\GitHub\e-smartbalance\bankovy_vypis_2026_03.csv,4/22/2026
bankovým prevodom,167.81,CZK,3/17/2026,24.437,20260128212,CZ8701000000000000000019,Alza.cz a.s.,C:\Users\Jana\Documents\GitHub\e-smartbalance\bankovy_vypis_2026_03.csv,4/22/2026
bankovým prevodom,261.19,CZK,3/1/2026,24.244,20260202220,CZ8701000000000000000019,Alza.cz a.s.,C:\Users\Jana\Documents\GitHub\e-smartbalance\bankovy_vypis_2026_03.csv,4/22/2026
bankovým prevodom,261.19,CZK,3/20/2026,24.505,20260202220,CZ8701000000000000000019,Alza.cz a.s.,C:\Users\Jana\Documents\GitHub\e-smartbalance\bankovy_vypis_2026_03.csv,4/22/2026
bankovým prevodom,398.30,GBP,3/24/2026,0.86541,20260203031,SK300900000356732487,British Airways,C:\Users\Jana\Documents\GitHub\e-smartbalance\bankovy_vypis_2026_03.csv,4/22/2026
bankovým prevodom,"1,440.03",GBP,3/8/2026,0.86693,20260204035,SK830900000083820819,British Airways,C:\Users\Jana\Documents\GitHub\e-smartbalance\bankovy_vypis_2026_03.csv,4/22/2026
bankovým prevodom,167.53,CZK,3/16/2026,24.436,20260205228,CZ8701000000000000000019,Alza.cz a.s.,C:\Users\Jana\Documents\GitHub\e-smartbalance\bankovy_vypis_2026_03.csv,4/22/2026
bankovým prevodom,"1,166.54",CZK,3/12/2026,24.406,20260205036,CZ8701000000000000000019,Alza.cz a.s.,C:\Users\Jana\Documents\GitHub\e-smartbalance\bankovy_vypis_2026_03.csv,4/22/2026
bankovým prevodom,751.74,CZK,3/23/2026,24.438,20260209236,CZ8701000000000000000019,Alza.cz a.s.,C:\Users\Jana\Documents\GitHub\e-smartbalance\bankovy_vypis_2026_03.csv,4/22/2026
bankovým prevodom,99.11,CZK,3/1/2026,24.244,20260209044,CZ8701000000000000000019,Alza.cz a.s.,C:\Users\Jana\Documents\GitHub\e-smartbalance\bankovy_vypis_2026_03.csv,4/22/2026
bankovým prevodom,99.11,CZK,3/30/2026,24.555,20260209044,CZ8701000000000000000019,Alza.cz a.s.,C:\Users\Jana\Documents\GitHub\e-smartbalance\bankovy_vypis_2026_03.csv,4/22/2026
bankovým prevodom,521.26,EUR,3/1/2026,1,20260210047,SK301100000446959793,Ing. Pavol Vnuk - NORPAL,C:\Users\Jana\Documents\GitHub\e-smartbalance\bankovy_vypis_2026_03.csv,4/22/2026
bankovým prevodom,120.38,EUR,3/1/2026,1,20260211242,SK170900000009205639,Ing. Pavol Vnuk - NORPAL,C:\Users\Jana\Documents\GitHub\e-smartbalance\bankovy_vypis_2026_03.csv,4/22/2026
bankovým prevodom,74.89,GBP,3/16/2026,0.86408,20260211241,SK980900000700171231,British Airways,C:\Users\Jana\Documents\GitHub\e-smartbalance\bankovy_vypis_2026_03.csv,4/22/2026
bankovým prevodom,565.41,CZK,3/21/2026,24.505,20260212052,CZ8701000000000000000019,Alza.cz a.s.,C:\Users\Jana\Documents\GitHub\e-smartbalance\bankovy_vypis_2026_03.csv,4/22/2026
bankovým prevodom,"1,474.91",GBP,3/29/2026,0.8672,20260213247,SK860900000982215224,British Airways,C:\Users\Jana\Documents\GitHub\e-smartbalance\bankovy_vypis_2026_03.csv,4/22/2026
bankovým prevodom,181.63,CZK,3/9/2026,24.399,20260213056,CZ8701000000000000000019,Alza.cz a.s.,C:\Users\Jana\Documents\GitHub\e-smartbalance\bankovy_vypis_2026_03.csv,4/22/2026
bankovým prevodom,181.63,CZK,3/28/2026,24.542,20260213056,CZ8701000000000000000019,Alza.cz a.s.,C:\Users\Jana\Documents\GitHub\e-smartbalance\bankovy_vypis_2026_03.csv,4/22/2026
bankovým prevodom,608.09,EUR,3/2/2026,1,20260217061,SK791100000572763800,Ing. Pavol Vnuk - NORPAL,C:\Users\Jana\Documents\GitHub\e-smartbalance\bankovy_vypis_2026_03.csv,4/22/2026
bankovým prevodom,130.74,EUR,3/3/2026,1,20260217253,SK120900000843098281,Jana Tvorivá - Creative Studio,C:\Users\Jana\Documents\GitHub\e-smartbalance\bankovy_vypis_2026_03.csv,4/22/2026
bankovým prevodom,266.32,GBP,3/19/2026,0.86388,20260217254,SK301100000766279219,British Airways,C:\Users\Jana\Documents\GitHub\e-smartbalance\bankovy_vypis_2026_03.csv,4/22/2026
bankovým prevodom,783.30,GBP,3/23/2026,0.8642,20260217062,SK210900000299585580,British Airways,C:\Users\Jana\Documents\GitHub\e-smartbalance\bankovy_vypis_2026_03.csv,4/22/2026
bankovým prevodom,347.68,GBP,3/2/2026,0.8739,20260219066,SK391100000078957557,British Airways,C:\Users\Jana\Documents\GitHub\e-smartbalance\bankovy_vypis_2026_03.csv,4/22/2026
bankovým prevodom,824.32,EUR,3/2/2026,1,20260219067,SK491100000155300557,Lucia Prekladová - LINGUA,C:\Users\Jana\Documents\GitHub\e-smartbalance\bankovy_vypis_2026_03.csv,4/22/2026
bankovým prevodom,-199.34,EUR,3/1/2026,1,2026020019,SK9709000000000000000006,KROS a.s.,C:\Users\Jana\Documents\GitHub\e-smartbalance\bankovy_vypis_2026_03.csv,4/22/2026
bankovým prevodom,980.63,CZK,3/3/2026,24.378,20260219068,SK401100000546248793,Alza.cz a.s.,C:\Users\Jana\Documents\GitHub\e-smartbalance\bankovy_vypis_2026_03.csv,4/22/2026
bankovým prevodom,246.70,EUR,3/11/2026,1,20260220070,SK2509000000000000000022,Lucia Prekladová - LINGUA,C:\Users\Jana\Documents\GitHub\e-smartbalance\bankovy_vypis_2026_03.csv,4/22/2026
bankovým prevodom,194.90,EUR,3/11/2026,1,20260220071,SK870900000535029589,Flux a.s.,C:\Users\Jana\Documents\GitHub\e-smartbalance\bankovy_vypis_2026_03.csv,4/22/2026
bankovým prevodom,399.35,EUR,3/6/2026,1,20260220263,SK890900000505281030,Flux a.s.,C:\Users\Jana\Documents\GitHub\e-smartbalance\bankovy_vypis_2026_03.csv,4/22/2026
bankovým prevodom,515.15,EUR,3/2/2026,1,20260223266,SK280900000153259456,Ing. Pavol Vnuk - NORPAL,C:\Users\Jana\Documents\GitHub\e-smartbalance\bankovy_vypis_2026_03.csv,4/22/2026
bankovým prevodom,931.78,EUR,3/5/2026,1,20260223074,SK920900000890893816,Flux a.s.,C:\Users\Jana\Documents\GitHub\e-smartbalance\bankovy_vypis_2026_03.csv,4/22/2026
bankovým prevodom,409.37,CZK,3/27/2026,24.542,20260223264,CZ8701000000000000000019,Alza.cz a.s.,C:\Users\Jana\Documents\GitHub\e-smartbalance\bankovy_vypis_2026_03.csv,4/22/2026
bankovým prevodom,"1,348.92",EUR,3/5/2026,1,20260223073,SK950900000895223914,Flux a.s.,C:\Users\Jana\Documents\GitHub\e-smartbalance\bankovy_vypis_2026_03.csv,4/22/2026
bankovým prevodom,-909.30,EUR,3/8/2026,1,2026020020,SK9709000000000000000006,KROS a.s.,C:\Users\Jana\Documents\GitHub\e-smartbalance\bankovy_vypis_2026_03.csv,4/22/2026
bankovým prevodom,708.76,EUR,3/7/2026,1,20260224077,SK130900000676884471,Jana Tvorivá - Creative Studio,C:\Users\Jana\Documents\GitHub\e-smartbalance\bankovy_vypis_2026_03.csv,4/22/2026
bankovým prevodom,112.92,EUR,3/1/2026,1,20260224075,SK140900000723379134,Jana Tvorivá - Creative Studio,C:\Users\Jana\Documents\GitHub\e-smartbalance\bankovy_vypis_2026_03.csv,4/22/2026
bankovým prevodom,112.92,EUR,3/7/2026,1,20260224075,SK140900000723379134,Jana Tvorivá - Creative Studio,C:\Users\Jana\Documents\GitHub\e-smartbalance\bankovy_vypis_2026_03.csv,4/22/2026
bankovým prevodom,710.45,EUR,3/9/2026,1,20260224269,SK2509000000000000000022,Lucia Prekladová - LINGUA,C:\Users\Jana\Documents\GitHub\e-smartbalance\bankovy_vypis_2026_03.csv,4/22/2026
bankovým prevodom,537.67,CZK,3/24/2026,24.477,20260224268,CZ8701000000000000000019,Alza.cz a.s.,C:\Users\Jana\Documents\GitHub\e-smartbalance\bankovy_vypis_2026_03.csv,4/22/2026
bankovým prevodom,"1,493.61",CZK,3/7/2026,24.419,20260224076,CZ8701000000000000000019,Alza.cz a.s.,C:\Users\Jana\Documents\GitHub\e-smartbalance\bankovy_vypis_2026_03.csv,4/22/2026
bankovým prevodom,83.27,EUR,3/10/2026,1,20260224267,SK2509000000000000000022,Lucia Prekladová - LINGUA,C:\Users\Jana\Documents\GitHub\e-smartbalance\bankovy_vypis_2026_03.csv,4/22/2026
bankovým prevodom,971.51,EUR,3/5/2026,1,20260225271,SK340900000968714176,Ing. Pavol Vnuk - NORPAL,C:\Users\Jana\Documents\GitHub\e-smartbalance\bankovy_vypis_2026_03.csv,4/22/2026
bankovým prevodom,-183.55,EUR,3/2/2026,1,2026020021,SK9709000000000000000006,KROS a.s.,C:\Users\Jana\Documents\GitHub\e-smartbalance\bankovy_vypis_2026_03.csv,4/22/2026
bankovým prevodom,-183.55,EUR,3/9/2026,1,2026020021,SK9709000000000000000006,KROS a.s.,C:\Users\Jana\Documents\GitHub\e-smartbalance\bankovy_vypis_2026_03.csv,4/22/2026
bankovým prevodom,116.00,EUR,3/12/2026,1,20260225078,SK630900000327138304,Ing. Pavol Vnuk - NORPAL,C:\Users\Jana\Documents\GitHub\e-smartbalance\bankovy_vypis_2026_03.csv,4/22/2026
bankovým prevodom,"1,085.74",EUR,3/3/2026,1,20260225079,SK690900000214863061,Ing. Pavol Vnuk - NORPAL,C:\Users\Jana\Documents\GitHub\e-smartbalance\bankovy_vypis_2026_03.csv,4/22/2026
bankovým prevodom,778.26,EUR,3/6/2026,1,20260225270,SK650900000755507170,Jana Tvorivá - Creative Studio,C:\Users\Jana\Documents\GitHub\e-smartbalance\bankovy_vypis_2026_03.csv,4/22/2026
bankovým prevodom,-253.15,EUR,3/6/2026,1,2026020022,SK9709000000000000000006,KROS a.s.,C:\Users\Jana\Documents\GitHub\e-smartbalance\bankovy_vypis_2026_03.csv,4/22/2026
bankovým prevodom,495.33,EUR,3/2/2026,1,20260226082,SK820900000947472750,Jana Tvorivá - Creative Studio,C:\Users\Jana\Documents\GitHub\e-smartbalance\bankovy_vypis_2026_03.csv,4/22/2026
bankovým prevodom,"1,218.07",EUR,3/11/2026,1,20260226081,SK680900000800383447,Ing. Pavol Vnuk - NORPAL,C:\Users\Jana\Documents\GitHub\e-smartbalance\bankovy_vypis_2026_03.csv,4/22/2026
bankovým prevodom,793.50,EUR,3/5/2026,1,20260226275,SK220900000139214336,Ing. Pavol Vnuk - NORPAL,C:\Users\Jana\Documents\GitHub\e-smartbalance\bankovy_vypis_2026_03.csv,4/22/2026
bankovým prevodom,307.50,EUR,3/1/2026,1,20260226083,SK250900000131128311,Jana Tvorivá - Creative Studio,C:\Users\Jana\Documents\GitHub\e-smartbalance\bankovy_vypis_2026_03.csv,4/22/2026
bankovým prevodom,183.82,GBP,3/26/2026,0.86515,20260226273,SK140900000873315273,British Airways,C:\Users\Jana\Documents\GitHub\e-smartbalance\bankovy_vypis_2026_03.csv,4/22/2026
bankovým prevodom,717.99,CZK,3/10/2026,24.38,20260227084,CZ8701000000000000000019,Alza.cz a.s.,C:\Users\Jana\Documents\GitHub\e-smartbalance\bankovy_vypis_2026_03.csv,4/22/2026
bankovým prevodom,924.56,EUR,3/10/2026,1,20260227086,SK380900000246616661,Ing. Pavol Vnuk - NORPAL,C:\Users\Jana\Documents\GitHub\e-smartbalance\bankovy_vypis_2026_03.csv,4/22/2026
bankovým prevodom,-151.20,EUR,3/2/2026,1,2026020023,SK9709000000000000000006,KROS a.s.,C:\Users\Jana\Documents\GitHub\e-smartbalance\bankovy_vypis_2026_03.csv,4/22/2026
bankovým prevodom,-151.20,EUR,3/9/2026,1,2026020023,SK9709000000000000000006,KROS a.s.,C:\Users\Jana\Documents\GitHub\e-smartbalance\bankovy_vypis_2026_03.csv,4/22/2026
bankovým prevodom,583.01,EUR,3/4/2026,1,20260227278,SK650900000539417027,Ing. Pavol Vnuk - NORPAL,C:\Users\Jana\Documents\GitHub\e-smartbalance\bankovy_vypis_2026_03.csv,4/22/2026
bankovým prevodom,785.47,EUR,3/4/2026,1,20260227085,SK940900000214576899,Flux a.s.,C:\Users\Jana\Documents\GitHub\e-smartbalance\bankovy_vypis_2026_03.csv,4/22/2026
bankovým prevodom,785.47,EUR,3/10/2026,1,20260227085,SK940900000214576899,Flux a.s.,C:\Users\Jana\Documents\GitHub\e-smartbalance\bankovy_vypis_2026_03.csv,4/22/2026
bankovým prevodom,389.76,EUR,3/6/2026,1,20260227277,SK670900000916754304,Ing. Pavol Vnuk - NORPAL,C:\Users\Jana\Documents\GitHub\e-smartbalance\bankovy_vypis_2026_03.csv,4/22/2026
bankovým prevodom,295.79,EUR,3/6/2026,1,20260302279,SK2509000000000000000022,Lucia Prekladová - LINGUA,C:\Users\Jana\Documents\GitHub\e-smartbalance\bankovy_vypis_2026_03.csv,4/22/2026
bankovým prevodom,295.79,EUR,3/14/2026,1,20260302279,SK2509000000000000000022,Lucia Prekladová - LINGUA,C:\Users\Jana\Documents\GitHub\e-smartbalance\bankovy_vypis_2026_03.csv,4/22/2026
bankovým prevodom,451.32,GBP,3/14/2026,0.86503,20260302087,SK900900000604637562,British Airways,C:\Users\Jana\Documents\GitHub\e-smartbalance\bankovy_vypis_2026_03.csv,4/22/2026
bankovým prevodom,203.64,EUR,3/15/2026,1,20260302089,SK2509000000000000000022,Lucia Prekladová - LINGUA,C:\Users\Jana\Documents\GitHub\e-smartbalance\bankovy_vypis_2026_03.csv,4/22/2026
bankovým prevodom,447.08,EUR,3/6/2026,1,20260302281,SK900900000972834526,Ing. Pavol Vnuk - NORPAL,C:\Users\Jana\Documents\GitHub\e-smartbalance\bankovy_vypis_2026_03.csv,4/22/2026
bankovým prevodom,447.09,EUR,3/19/2026,1,20260302281,SK900900000972834526,Ing. Pavol Vnuk - NORPAL,C:\Users\Jana\Documents\GitHub\e-smartbalance\bankovy_vypis_2026_03.csv,4/22/2026
bankovým prevodom,-600.94,EUR,3/4/2026,1,2026030001,SK9709000000000000000006,KROS a.s.,C:\Users\Jana\Documents\GitHub\e-smartbalance\bankovy_vypis_2026_03.csv,4/22/2026
bankovým prevodom,-600.94,EUR,3/9/2026,1,2026030001,SK9709000000000000000006,KROS a.s.,C:\Users\Jana\Documents\GitHub\e-smartbalance\bankovy_vypis_2026_03.csv,4/22/2026
bankovým prevodom,491.47,EUR,3/13/2026,1,20260303283,SK930900000808289109,Jana Tvorivá - Creative Studio,C:\Users\Jana\Documents\GitHub\e-smartbalance\bankovy_vypis_2026_03.csv,4/22/2026
bankovým prevodom,275.67,CZK,3/27/2026,24.542,20260303092,CZ8701000000000000000019,Alza.cz a.s.,C:\Users\Jana\Documents\GitHub\e-smartbalance\bankovy_vypis_2026_03.csv,4/22/2026
bankovým prevodom,"1,500.00",GBP,3/8/2026,0.86693,20260045,SK190900000728735923,British Airways,C:\Users\Jana\Documents\GitHub\e-smartbalance\bankovy_vypis_2026_03.csv,4/22/2026
bankovým prevodom,-120.00,EUR,3/5/2026,1,2026030002,SK9709000000000000000006,KROS a.s.,C:\Users\Jana\Documents\GitHub\e-smartbalance\bankovy_vypis_2026_03.csv,4/22/2026
bankovým prevodom,855.81,EUR,3/6/2026,1,20260303091,SK400900000876025675,Jana Tvorivá - Creative Studio,C:\Users\Jana\Documents\GitHub\e-smartbalance\bankovy_vypis_2026_03.csv,4/22/2026
bankovým prevodom,400.00,EUR,3/7/2026,1,20260044,SK910900000659642159,Jana Tvorivá - Creative Studio,C:\Users\Jana\Documents\GitHub\e-smartbalance\bankovy_vypis_2026_03.csv,4/22/2026
bankovým prevodom,"-1,263.33",EUR,3/12/2026,1,2026030003,SK9709000000000000000006,KROS a.s.,C:\Users\Jana\Documents\GitHub\e-smartbalance\bankovy_vypis_2026_03.csv,4/22/2026
bankovým prevodom,274.00,EUR,3/9/2026,1,20260303282,SK741100000360775470,Jana Tvorivá - Creative Studio,C:\Users\Jana\Documents\GitHub\e-smartbalance\bankovy_vypis_2026_03.csv,4/22/2026
bankovým prevodom,274.00,EUR,3/14/2026,1,20260303282,SK741100000360775470,Jana Tvorivá - Creative Studio,C:\Users\Jana\Documents\GitHub\e-smartbalance\bankovy_vypis_2026_03.csv,4/22/2026
bankovým prevodom,"1,294.21",EUR,3/5/2026,1,20260303090,SK2509000000000000000022,Lucia Prekladová - LINGUA,C:\Users\Jana\Documents\GitHub\e-smartbalance\bankovy_vypis_2026_03.csv,4/22/2026
bankovým prevodom,219.77,EUR,3/15/2026,1,20260304286,SK890900000027337074,Jana Tvorivá - Creative Studio,C:\Users\Jana\Documents\GitHub\e-smartbalance\bankovy_vypis_2026_03.csv,4/22/2026
bankovým prevodom,661.88,EUR,3/16/2026,1,20260304287,SK340900000902203022,Flux a.s.,C:\Users\Jana\Documents\GitHub\e-smartbalance\bankovy_vypis_2026_03.csv,4/22/2026
bankovým prevodom,544.65,EUR,3/11/2026,1,20260304093,SK700900000058983921,Flux a.s.,C:\Users\Jana\Documents\GitHub\e-smartbalance\bankovy_vypis_2026_03.csv,4/22/2026
bankovým prevodom,985.79,EUR,3/6/2026,1,20260304285,SK2509000000000000000022,Lucia Prekladová - LINGUA,C:\Users\Jana\Documents\GitHub\e-smartbalance\bankovy_vypis_2026_03.csv,4/22/2026
bankovým prevodom,192.10,EUR,3/10/2026,1,20260304094,SK250900000841149925,Jana Tvorivá - Creative Studio,C:\Users\Jana\Documents\GitHub\e-smartbalance\bankovy_vypis_2026_03.csv,4/22/2026
bankovým prevodom,192.10,EUR,3/23/2026,1,20260304094,SK250900000841149925,Jana Tvorivá - Creative Studio,C:\Users\Jana\Documents\GitHub\e-smartbalance\bankovy_vypis_2026_03.csv,4/22/2026
bankovým prevodom,226.79,GBP,3/10/2026,0.86545,20260304095,SK110900000464003085,British Airways,C:\Users\Jana\Documents\GitHub\e-smartbalance\bankovy_vypis_2026_03.csv,4/22/2026
bankovým prevodom,"1,264.62",EUR,3/11/2026,1,20260305097,SK100900000319217621,Flux a.s.,C:\Users\Jana\Documents\GitHub\e-smartbalance\bankovy_vypis_2026_03.csv,4/22/2026
bankovým prevodom,-587.76,EUR,3/17/2026,1,2026030004,SK9709000000000000000006,KROS a.s.,C:\Users\Jana\Documents\GitHub\e-smartbalance\bankovy_vypis_2026_03.csv,4/22/2026
bankovým prevodom,"1,459.27",EUR,3/17/2026,1,20260305098,SK900900000531820713,Jana Tvorivá - Creative Studio,C:\Users\Jana\Documents\GitHub\e-smartbalance\bankovy_vypis_2026_03.csv,4/22/2026
bankovým prevodom,387.25,EUR,3/18/2026,1,20260306099,SK470900000516963123,Flux a.s.,C:\Users\Jana\Documents\GitHub\e-smartbalance\bankovy_vypis_2026_03.csv,4/22/2026
bankovým prevodom,-287.18,EUR,3/9/2026,1,2026030005,SK9709000000000000000006,KROS a.s.,C:\Users\Jana\Documents\GitHub\e-smartbalance\bankovy_vypis_2026_03.csv,4/22/2026
bankovým prevodom,-287.19,EUR,3/18/2026,1,2026030005,SK9709000000000000000006,KROS a.s.,C:\Users\Jana\Documents\GitHub\e-smartbalance\bankovy_vypis_2026_03.csv,4/22/2026
bankovým prevodom,"1,526.40",GBP,3/11/2026,0.86363,20260306101,SK980900000224358856,British Airways,C:\Users\Jana\Documents\GitHub\e-smartbalance\bankovy_vypis_2026_03.csv,4/22/2026
bankovým prevodom,-309.97,EUR,3/14/2026,1,2026030006,SK9709000000000000000006,KROS a.s.,C:\Users\Jana\Documents\GitHub\e-smartbalance\bankovy_vypis_2026_03.csv,4/22/2026
bankovým prevodom,-309.97,EUR,3/23/2026,1,2026030006,SK9709000000000000000006,KROS a.s.,C:\Users\Jana\Documents\GitHub\e-smartbalance\bankovy_vypis_2026_03.csv,4/22/2026
bankovým prevodom,"1,256.15",EUR,3/15/2026,1,20260309102,SK2509000000000000000022,Lucia Prekladová - LINGUA,C:\Users\Jana\Documents\GitHub\e-smartbalance\bankovy_vypis_2026_03.csv,4/22/2026
bankovým prevodom,513.69,GBP,3/31/2026,0.86833,20260309103,SK720900000650151311,British Airways,C:\Users\Jana\Documents\GitHub\e-smartbalance\bankovy_vypis_2026_03.csv,4/22/2026
bankovým prevodom,996.37,EUR,3/11/2026,1,20260310106,SK770900000314252614,Flux a.s.,C:\Users\Jana\Documents\GitHub\e-smartbalance\bankovy_vypis_2026_03.csv,4/22/2026
bankovým prevodom,"1,200.00",EUR,3/22/2026,1,20260046,SK910900000400232493,Ing. Pavol Vnuk - NORPAL,C:\Users\Jana\Documents\GitHub\e-smartbalance\bankovy_vypis_2026_03.csv,4/22/2026
bankovým prevodom,550.00,EUR,3/22/2026,1,20260047,SK2509000000000000000022,Lucia Prekladová - LINGUA,C:\Users\Jana\Documents\GitHub\e-smartbalance\bankovy_vypis_2026_03.csv,4/22/2026
bankovým prevodom,117.50,EUR,3/12/2026,1,20260310105,SK520900000939533888,Ing. Pavol Vnuk - NORPAL,C:\Users\Jana\Documents\GitHub\e-smartbalance\bankovy_vypis_2026_03.csv,4/22/2026
bankovým prevodom,117.50,EUR,3/22/2026,1,20260310105,SK520900000939533888,Ing. Pavol Vnuk - NORPAL,C:\Users\Jana\Documents\GitHub\e-smartbalance\bankovy_vypis_2026_03.csv,4/22/2026
bankovým prevodom,-280.59,EUR,3/13/2026,1,2026030007,SK9709000000000000000006,KROS a.s.,C:\Users\Jana\Documents\GitHub\e-smartbalance\bankovy_vypis_2026_03.csv,4/22/2026
bankovým prevodom,"1,254.90",GBP,3/25/2026,0.86558,20260311110,SK461100000283976018,British Airways,C:\Users\Jana\Documents\GitHub\e-smartbalance\bankovy_vypis_2026_03.csv,4/22/2026
bankovým prevodom,"1,287.65",EUR,3/22/2026,1,20260311109,SK2509000000000000000022,Lucia Prekladová - LINGUA,C:\Users\Jana\Documents\GitHub\e-smartbalance\bankovy_vypis_2026_03.csv,4/22/2026
bankovým prevodom,843.31,EUR,3/17/2026,1,20260312111,SK830900000840850590,Flux a.s.,C:\Users\Jana\Documents\GitHub\e-smartbalance\bankovy_vypis_2026_03.csv,4/22/2026
bankovým prevodom,823.76,GBP,3/18/2026,0.86393,20260312113,SK210900000412597119,British Airways,C:\Users\Jana\Documents\GitHub\e-smartbalance\bankovy_vypis_2026_03.csv,4/22/2026
bankovým prevodom,286.37,EUR,3/24/2026,1,20260313114,SK750900000094741940,Jana Tvorivá - Creative Studio,C:\Users\Jana\Documents\GitHub\e-smartbalance\bankovy_vypis_2026_03.csv,4/22/2026
bankovým prevodom,"1,346.64",CZK,3/15/2026,24.437,20260313116,CZ8701000000000000000019,Alza.cz a.s.,C:\Users\Jana\Documents\GitHub\e-smartbalance\bankovy_vypis_2026_03.csv,4/22/2026
bankovým prevodom,"1,485.43",EUR,3/26/2026,1,20260313115,SK460900000097946762,Flux a.s.,C:\Users\Jana\Documents\GitHub\e-smartbalance\bankovy_vypis_2026_03.csv,4/22/2026
bankovým prevodom,"1,039.83",GBP,3/26/2026,0.86515,20260316119,SK730900000222686350,British Airways,C:\Users\Jana\Documents\GitHub\e-smartbalance\bankovy_vypis_2026_03.csv,4/22/2026
bankovým prevodom,"3,200.00",EUR,3/18/2026,1,20260048,SK760900000497575520,Flux a.s.,C:\Users\Jana\Documents\GitHub\e-smartbalance\bankovy_vypis_2026_03.csv,4/22/2026
bankovým prevodom,"8,500.00",CZK,3/18/2026,24.467,3162026,CZ8701000000000000000019,Alza.cz a.s.,C:\Users\Jana\Documents\GitHub\e-smartbalance\bankovy_vypis_2026_03.csv,4/22/2026
bankovým prevodom,-9.18,EUR,3/22/2026,1,2026030008,SK9709000000000000000006,KROS a.s.,C:\Users\Jana\Documents\GitHub\e-smartbalance\bankovy_vypis_2026_03.csv,4/22/2026
bankovým prevodom,-9.18,EUR,3/30/2026,1,2026030008,SK9709000000000000000006,KROS a.s.,C:\Users\Jana\Documents\GitHub\e-smartbalance\bankovy_vypis_2026_03.csv,4/22/2026
bankovým prevodom,"1,474.90",EUR,3/25/2026,1,20260316117,SK690900000232870578,Ing. Pavol Vnuk - NORPAL,C:\Users\Jana\Documents\GitHub\e-smartbalance\bankovy_vypis_2026_03.csv,4/22/2026
bankovým prevodom,387.56,EUR,3/20/2026,1,20260316118,SK320900000335979401,Ing. Pavol Vnuk - NORPAL,C:\Users\Jana\Documents\GitHub\e-smartbalance\bankovy_vypis_2026_03.csv,4/22/2026
bankovým prevodom,387.55,EUR,3/26/2026,1,20260316118,SK320900000335979401,Ing. Pavol Vnuk - NORPAL,C:\Users\Jana\Documents\GitHub\e-smartbalance\bankovy_vypis_2026_03.csv,4/22/2026
bankovým prevodom,238.12,CZK,3/18/2026,24.467,20260317120,CZ8701000000000000000019,Alza.cz a.s.,C:\Users\Jana\Documents\GitHub\e-smartbalance\bankovy_vypis_2026_03.csv,4/22/2026
bankovým prevodom,"1,585.13",GBP,3/24/2026,0.86541,20260317122,SK820900000826096414,British Airways,C:\Users\Jana\Documents\GitHub\e-smartbalance\bankovy_vypis_2026_03.csv,4/22/2026
bankovým prevodom,"1,114.87",EUR,3/21/2026,1,20260317121,SK380900000603853999,Ing. Pavol Vnuk - NORPAL,C:\Users\Jana\Documents\GitHub\e-smartbalance\bankovy_vypis_2026_03.csv,4/22/2026
bankovým prevodom,-497.14,EUR,3/30/2026,1,2026030009,SK9709000000000000000006,KROS a.s.,C:\Users\Jana\Documents\GitHub\e-smartbalance\bankovy_vypis_2026_03.csv,4/22/2026
bankovým prevodom,"1,109.63",EUR,3/20/2026,1,20260318125,SK470900000487153350,Flux a.s.,C:\Users\Jana\Documents\GitHub\e-smartbalance\bankovy_vypis_2026_03.csv,4/22/2026
bankovým prevodom,357.17,GBP,3/23/2026,0.8642,20260319127,SK110900000599134742,British Airways,C:\Users\Jana\Documents\GitHub\e-smartbalance\bankovy_vypis_2026_03.csv,4/22/2026
bankovým prevodom,-413.50,EUR,3/25/2026,1,2026030010,SK9709000000000000000006,KROS a.s.,C:\Users\Jana\Documents\GitHub\e-smartbalance\bankovy_vypis_2026_03.csv,4/22/2026
bankovým prevodom,304.70,EUR,3/23/2026,1,20260320130,SK630900000035045027,Jana Tvorivá - Creative Studio,C:\Users\Jana\Documents\GitHub\e-smartbalance\bankovy_vypis_2026_03.csv,4/22/2026
bankovým prevodom,304.70,EUR,3/31/2026,1,20260320130,SK630900000035045027,Jana Tvorivá - Creative Studio,C:\Users\Jana\Documents\GitHub\e-smartbalance\bankovy_vypis_2026_03.csv,4/22/2026
bankovým prevodom,"1,028.32",EUR,3/31/2026,1,20260323134,SK260900000423947035,Ing. Pavol Vnuk - NORPAL,C:\Users\Jana\Documents\GitHub\e-smartbalance\bankovy_vypis_2026_03.csv,4/22/2026
bankovým prevodom,"1,088.32",EUR,3/25/2026,1,20260323133,SK340900000878302752,Flux a.s.,C:\Users\Jana\Documents\GitHub\e-smartbalance\bankovy_vypis_2026_03.csv,4/22/2026
bankovým prevodom,761.98,EUR,3/31/2026,1,20260325139,SK850900000224510311,Ing. Pavol Vnuk - NORPAL,C:\Users\Jana\Documents\GitHub\e-smartbalance\bankovy_vypis_2026_03.csv,4/22/2026
bankovým prevodom,273.05,EUR,3/31/2026,1,20260326142,SK401100000148772179,Flux a.s.,C:\Users\Jana\Documents\GitHub\e-smartbalance\bankovy_vypis_2026_03.csv,4/22/2026
bankovým prevodom,83.62,EUR,3/31/2026,1,2O260327145,SK120900000647482096,Flux a.s.,C:\Users\Jana\Documents\GitHub\e-smartbalance\bankovy_vypis_2026_03.csv,4/22/2026
bankovým prevodom,-7.50,EUR,3/28/2026,1,POPLATOK 03/2026,,Mesačný poplatok za účet,C:\Users\Jana\Documents\GitHub\e-smartbalance\bankovy_vypis_2026_03.csv,4/22/2026
bankovým prevodom,74.89,GBP,4/1/2026,0.87113,20260211241,SK980900000700171231,British Airways,C:\Users\Jana\Documents\GitHub\e-smartbalance\bankovy_vypis_2026_04.csv,4/22/2026
bankovým prevodom,783.31,GBP,4/19/2026,0.87168,20260217062,SK210900000299585580,British Airways,C:\Users\Jana\Documents\GitHub\e-smartbalance\bankovy_vypis_2026_04.csv,4/22/2026
bankovým prevodom,537.67,CZK,4/17/2026,24.317,20260224268,CZ8701000000000000000019,Alza.cz a.s.,C:\Users\Jana\Documents\GitHub\e-smartbalance\bankovy_vypis_2026_04.csv,4/22/2026
bankovým prevodom,183.82,GBP,4/16/2026,0.86993,20260226273,SK140900000873315273,British Airways,C:\Users\Jana\Documents\GitHub\e-smartbalance\bankovy_vypis_2026_04.csv,4/22/2026
bankovým prevodom,"1,539.21",CZK,4/11/2026,24.365,20260302088,SK531100000623395144,Alza.cz a.s.,C:\Users\Jana\Documents\GitHub\e-smartbalance\bankovy_vypis_2026_04.csv,4/22/2026
bankovým prevodom,454.54,GBP,4/13/2026,0.87058,20260310107,SK611100000699258326,British Airways,C:\Users\Jana\Documents\GitHub\e-smartbalance\bankovy_vypis_2026_04.csv,4/22/2026
bankovým prevodom,267.52,CZK,4/8/2026,24.38,20260312112,CZ8701000000000000000019,Alza.cz a.s.,C:\Users\Jana\Documents\GitHub\e-smartbalance\bankovy_vypis_2026_04.csv,4/22/2026
bankovým prevodom,641.32,GBP,4/7/2026,0.87258,20260318123,SK280900000670326709,British Airways,C:\Users\Jana\Documents\GitHub\e-smartbalance\bankovy_vypis_2026_04.csv,4/22/2026
bankovým prevodom,"1,023.91",EUR,4/1/2026,1,20260320131,SK2509000000000000000022,Lucia Prekladová - LINGUA,C:\Users\Jana\Documents\GitHub\e-smartbalance\bankovy_vypis_2026_04.csv,4/22/2026
bankovým prevodom,"1,067.33",GBP,4/3/2026,0.87253,20260320129,SK550900000267145395,British Airways,C:\Users\Jana\Documents\GitHub\e-smartbalance\bankovy_vypis_2026_04.csv,4/22/2026
bankovým prevodom,-831.68,EUR,4/6/2026,1,2026030011,SK9709000000000000000006,KROS a.s.,C:\Users\Jana\Documents\GitHub\e-smartbalance\bankovy_vypis_2026_04.csv,4/22/2026
bankovým prevodom,910.56,EUR,4/7/2026,1,20260324135,SK810900000395802378,Flux a.s.,C:\Users\Jana\Documents\GitHub\e-smartbalance\bankovy_vypis_2026_04.csv,4/22/2026
bankovým prevodom,"-1,400.86",EUR,4/4/2026,1,2026030012,SK9709000000000000000006,KROS a.s.,C:\Users\Jana\Documents\GitHub\e-smartbalance\bankovy_vypis_2026_04.csv,4/22/2026
bankovým prevodom,"1,015.13",GBP,4/7/2026,0.87258,20260324137,SK451100000158397853,British Airways,C:\Users\Jana\Documents\GitHub\e-smartbalance\bankovy_vypis_2026_04.csv,4/22/2026
bankovým prevodom,107.35,EUR,4/5/2026,1,20260325138,SK390900000357825696,Jana Tvorivá - Creative Studio,C:\Users\Jana\Documents\GitHub\e-smartbalance\bankovy_vypis_2026_04.csv,4/22/2026
bankovým prevodom,"1,324.89",CZK,4/4/2026,24.54,20260325140,CZ8701000000000000000019,Alza.cz a.s.,C:\Users\Jana\Documents\GitHub\e-smartbalance\bankovy_vypis_2026_04.csv,4/22/2026
bankovým prevodom,"1,182.46",GBP,4/3/2026,0.87253,20260326141,SK990900000820732711,British Airways,C:\Users\Jana\Documents\GitHub\e-smartbalance\bankovy_vypis_2026_04.csv,4/22/2026
bankovým prevodom,690.24,EUR,4/5/2026,1,20260326143,SK2509000000000000000022,Lucia Prekladová - LINGUA,C:\Users\Jana\Documents\GitHub\e-smartbalance\bankovy_vypis_2026_04.csv,4/22/2026
bankovým prevodom,83.62,EUR,4/13/2026,1,2O260327145,SK120900000647482096,Flux a.s.,C:\Users\Jana\Documents\GitHub\e-smartbalance\bankovy_vypis_2026_04.csv,4/22/2026
bankovým prevodom,717.54,EUR,4/8/2026,1,2O260327146,SK530900000271269321,Ing. Pavol Vnuk - NORPAL,C:\Users\Jana\Documents\GitHub\e-smartbalance\bankovy_vypis_2026_04.csv,4/22/2026
bankovým prevodom,924.58,EUR,4/7/2026,1,20260330147,SK590900000743738769,Jana Tvorivá - Creative Studio,C:\Users\Jana\Documents\GitHub\e-smartbalance\bankovy_vypis_2026_04.csv,4/22/2026
bankovým prevodom,769.27,EUR,4/5/2026,1,2O260330149,SK740900000121192455,Ing. Pavol Vnuk - NORPAL,C:\Users\Jana\Documents\GitHub\e-smartbalance\bankovy_vypis_2026_04.csv,4/22/2026
bankovým prevodom,769.27,EUR,4/14/2026,1,2O260330149,SK740900000121192455,Ing. Pavol Vnuk - NORPAL,C:\Users\Jana\Documents\GitHub\e-smartbalance\bankovy_vypis_2026_04.csv,4/22/2026
bankovým prevodom,-265.27,EUR,4/2/2026,1,UHRADA79,SK9709000000000000000006,KROS a.s.,C:\Users\Jana\Documents\GitHub\e-smartbalance\bankovy_vypis_2026_04.csv,4/22/2026
bankovým prevodom,-265.27,EUR,4/7/2026,1,UHRADA79,SK9709000000000000000006,KROS a.s.,C:\Users\Jana\Documents\GitHub\e-smartbalance\bankovy_vypis_2026_04.csv,4/22/2026
bankovým prevodom,"1,334.97",CZK,4/5/2026,24.54,20260331152,CZ8701000000000000000019,Alza.cz a.s.,C:\Users\Jana\Documents\GitHub\e-smartbalance\bankovy_vypis_2026_04.csv,4/22/2026
bankovým prevodom,562.67,EUR,4/9/2026,1,2O260331150,SK321100000331174790,Jana Tvorivá - Creative Studio,C:\Users\Jana\Documents\GitHub\e-smartbalance\bankovy_vypis_2026_04.csv,4/22/2026
bankovým prevodom,"1,061.44",EUR,4/2/2026,1,20260331151,SK840900000590062319,Jana Tvorivá - Creative Studio,C:\Users\Jana\Documents\GitHub\e-smartbalance\bankovy_vypis_2026_04.csv,4/22/2026
bankovým prevodom,"1,109.93",EUR,4/15/2026,1,2O260401154,SK2509000000000000000022,Lucia Prekladová - LINGUA,C:\Users\Jana\Documents\GitHub\e-smartbalance\bankovy_vypis_2026_04.csv,4/22/2026
bankovým prevodom,814.44,EUR,4/9/2026,1,2O260401155,SK2509000000000000000022,Lucia Prekladová - LINGUA,C:\Users\Jana\Documents\GitHub\e-smartbalance\bankovy_vypis_2026_04.csv,4/22/2026
bankovým prevodom,"1,178.03",EUR,4/7/2026,1,2O260402157,SK230900000049779355,Flux a.s.,C:\Users\Jana\Documents\GitHub\e-smartbalance\bankovy_vypis_2026_04.csv,4/22/2026
bankovým prevodom,295.26,EUR,4/4/2026,1,20260402158,SK380900000812059222,Flux a.s.,C:\Users\Jana\Documents\GitHub\e-smartbalance\bankovy_vypis_2026_04.csv,4/22/2026
bankovým prevodom,295.27,EUR,4/13/2026,1,20260402158,SK380900000812059222,Flux a.s.,C:\Users\Jana\Documents\GitHub\e-smartbalance\bankovy_vypis_2026_04.csv,4/22/2026
bankovým prevodom,80.00,EUR,4/5/2026,1,2O260050,SK640900000849272369,Jana Tvorivá - Creative Studio,C:\Users\Jana\Documents\GitHub\e-smartbalance\bankovy_vypis_2026_04.csv,4/22/2026
bankovým prevodom,80.00,EUR,4/16/2026,1,2O260050,SK640900000849272369,Jana Tvorivá - Creative Studio,C:\Users\Jana\Documents\GitHub\e-smartbalance\bankovy_vypis_2026_04.csv,4/22/2026
bankovým prevodom,850.00,GBP,4/4/2026,0.87253,20260051,SK220900000469186484,British Airways,C:\Users\Jana\Documents\GitHub\e-smartbalance\bankovy_vypis_2026_04.csv,4/22/2026
bankovým prevodom,600.00,EUR,4/8/2026,1,20260049,SK500900000844524442,Ing. Pavol Vnuk - NORPAL,C:\Users\Jana\Documents\GitHub\e-smartbalance\bankovy_vypis_2026_04.csv,4/22/2026
bankovým prevodom,600.00,EUR,4/19/2026,1,20260049,SK500900000844524442,Ing. Pavol Vnuk - NORPAL,C:\Users\Jana\Documents\GitHub\e-smartbalance\bankovy_vypis_2026_04.csv,4/22/2026
bankovým prevodom,-280.36,EUR,4/5/2026,1,UHRADA87,SK9709000000000000000006,KROS a.s.,C:\Users\Jana\Documents\GitHub\e-smartbalance\bankovy_vypis_2026_04.csv,4/22/2026
bankovým prevodom,-280.37,EUR,4/11/2026,1,UHRADA87,SK9709000000000000000006,KROS a.s.,C:\Users\Jana\Documents\GitHub\e-smartbalance\bankovy_vypis_2026_04.csv,4/22/2026
bankovým prevodom,795.34,EUR,4/11/2026,1,2O260403161,SK490900000443856000,Jana Tvorivá - Creative Studio,C:\Users\Jana\Documents\GitHub\e-smartbalance\bankovy_vypis_2026_04.csv,4/22/2026
bankovým prevodom,764.40,EUR,4/10/2026,1,20260403159,SK490900000594299911,Flux a.s.,C:\Users\Jana\Documents\GitHub\e-smartbalance\bankovy_vypis_2026_04.csv,4/22/2026
bankovým prevodom,"1,230.93",CZK,4/5/2026,24.54,20260403160,CZ8701000000000000000019,Alza.cz a.s.,C:\Users\Jana\Documents\GitHub\e-smartbalance\bankovy_vypis_2026_04.csv,4/22/2026
bankovým prevodom,627.57,CZK,4/17/2026,24.317,2O260406164,CZ8701000000000000000019,Alza.cz a.s.,C:\Users\Jana\Documents\GitHub\e-smartbalance\bankovy_vypis_2026_04.csv,4/22/2026
bankovým prevodom,109.31,EUR,4/14/2026,1,2O260406163,SK340900000693902968,Jana Tvorivá - Creative Studio,C:\Users\Jana\Documents\GitHub\e-smartbalance\bankovy_vypis_2026_04.csv,4/22/2026
bankovým prevodom,915.37,EUR,4/14/2026,1,2O260406162,SK2509000000000000000022,Lucia Prekladová - LINGUA,C:\Users\Jana\Documents\GitHub\e-smartbalance\bankovy_vypis_2026_04.csv,4/22/2026
bankovým prevodom,498.71,EUR,4/12/2026,1,UHRADA87,SK100900000172975659,Flux a.s.,C:\Users\Jana\Documents\GitHub\e-smartbalance\bankovy_vypis_2026_04.csv,4/22/2026
bankovým prevodom,498.71,EUR,4/19/2026,1,UHRADA87,SK100900000172975659,Flux a.s.,C:\Users\Jana\Documents\GitHub\e-smartbalance\bankovy_vypis_2026_04.csv,4/22/2026
bankovým prevodom,414.35,EUR,4/14/2026,1,20260407167,SK100900000842501281,Jana Tvorivá - Creative Studio,C:\Users\Jana\Documents\GitHub\e-smartbalance\bankovy_vypis_2026_04.csv,4/22/2026
bankovým prevodom,925.01,GBP,4/13/2026,0.87058,UHRADA87,SK850900000228438853,British Airways,C:\Users\Jana\Documents\GitHub\e-smartbalance\bankovy_vypis_2026_04.csv,4/22/2026
bankovým prevodom,-120.00,EUR,4/21/2026,1,2O26040002,SK9709000000000000000006,KROS a.s.,C:\Users\Jana\Documents\GitHub\e-smartbalance\bankovy_vypis_2026_04.csv,4/22/2026
bankovým prevodom,532.15,EUR,4/11/2026,1,20260408169,SK230900000794225632,Jana Tvorivá - Creative Studio,C:\Users\Jana\Documents\GitHub\e-smartbalance\bankovy_vypis_2026_04.csv,4/22/2026
bankovým prevodom,"2,100.00",CZK,4/17/2026,24.317,UHRADA24,CZ8701000000000000000019,Alza.cz a.s.,C:\Users\Jana\Documents\GitHub\e-smartbalance\bankovy_vypis_2026_04.csv,4/22/2026
bankovým prevodom,768.19,EUR,4/19/2026,1,2O260409173,SK2509000000000000000022,Lucia Prekladová - LINGUA,C:\Users\Jana\Documents\GitHub\e-smartbalance\bankovy_vypis_2026_04.csv,4/22/2026
bankovým prevodom,72.38,EUR,4/13/2026,1,20260409171,SK521100000493112802,Lucia Prekladová - LINGUA,C:\Users\Jana\Documents\GitHub\e-smartbalance\bankovy_vypis_2026_04.csv,4/22/2026
bankovým prevodom,72.38,EUR,4/18/2026,1,20260409171,SK521100000493112802,Lucia Prekladová - LINGUA,C:\Users\Jana\Documents\GitHub\e-smartbalance\bankovy_vypis_2026_04.csv,4/22/2026
bankovým prevodom,500.76,EUR,4/15/2026,1,2O260410175,SK2509000000000000000022,Lucia Prekladová - LINGUA,C:\Users\Jana\Documents\GitHub\e-smartbalance\bankovy_vypis_2026_04.csv,4/22/2026
bankovým prevodom,"1,009.46",GBP,4/12/2026,0.87105,20260410174,SK990900000973425506,British Airways,C:\Users\Jana\Documents\GitHub\e-smartbalance\bankovy_vypis_2026_04.csv,4/22/2026
bankovým prevodom,"1,566.23",CZK,4/22/2026,24.347,2O260410176,SK941100000019736409,Alza.cz a.s.,C:\Users\Jana\Documents\GitHub\e-smartbalance\bankovy_vypis_2026_04.csv,4/22/2026
bankovým prevodom,331.92,EUR,4/15/2026,1,UHRADA30,SK880900000625028013,Flux a.s.,C:\Users\Jana\Documents\GitHub\e-smartbalance\bankovy_vypis_2026_04.csv,4/22/2026
bankovým prevodom,499.97,EUR,4/17/2026,1,UHRADA97,SK331100000479330718,Lucia Prekladová - LINGUA,C:\Users\Jana\Documents\GitHub\e-smartbalance\bankovy_vypis_2026_04.csv,4/22/2026
bankovým prevodom,561.76,EUR,4/17/2026,1,20260413177,SK740900000652215897,Jana Tvorivá - Creative Studio,C:\Users\Jana\Documents\GitHub\e-smartbalance\bankovy_vypis_2026_04.csv,4/22/2026
bankovým prevodom,"2,100.00",EUR,4/21/2026,1,UHRADA3,SK940900000469472169,Flux a.s.,C:\Users\Jana\Documents\GitHub\e-smartbalance\bankovy_vypis_2026_04.csv,4/22/2026
bankovým prevodom,"1,200.00",EUR,4/17/2026,1,20260053,SK910900000511536418,Ing. Pavol Vnuk - NORPAL,C:\Users\Jana\Documents\GitHub\e-smartbalance\bankovy_vypis_2026_04.csv,4/22/2026
bankovým prevodom,130.00,EUR,4/16/2026,1,UHRADA41,SK2509000000000000000022,Lucia Prekladová - LINGUA,C:\Users\Jana\Documents\GitHub\e-smartbalance\bankovy_vypis_2026_04.csv,4/22/2026
bankovým prevodom,"-1,032.17",EUR,4/22/2026,1,2O26040003,SK9709000000000000000006,KROS a.s.,C:\Users\Jana\Documents\GitHub\e-smartbalance\bankovy_vypis_2026_04.csv,4/22/2026
bankovým prevodom,178.23,EUR,4/18/2026,1,UHRADA97,SK141100000298302590,Flux a.s.,C:\Users\Jana\Documents\GitHub\e-smartbalance\bankovy_vypis_2026_04.csv,4/22/2026
bankovým prevodom,556.96,EUR,4/16/2026,1,20260415185,SK870900000602199196,Flux a.s.,C:\Users\Jana\Documents\GitHub\e-smartbalance\bankovy_vypis_2026_04.csv,4/22/2026
bankovým prevodom,-140.95,EUR,4/21/2026,1,2026040004,SK9709000000000000000006,KROS a.s.,C:\Users\Jana\Documents\GitHub\e-smartbalance\bankovy_vypis_2026_04.csv,4/22/2026
bankovým prevodom,48.72,EUR,4/22/2026,1,UHRADA11,SK130900000261182725,Flux a.s.,C:\Users\Jana\Documents\GitHub\e-smartbalance\bankovy_vypis_2026_04.csv,4/22/2026
bankovým prevodom,"1,326.23",EUR,4/17/2026,1,20260416187,SK120900000452267765,Ing. Pavol Vnuk - NORPAL,C:\Users\Jana\Documents\GitHub\e-smartbalance\bankovy_vypis_2026_04.csv,4/22/2026
bankovým prevodom,"1,124.84",EUR,4/19/2026,1,2O260417189,SK251100000870557903,Jana Tvorivá - Creative Studio,C:\Users\Jana\Documents\GitHub\e-smartbalance\bankovy_vypis_2026_04.csv,4/22/2026
bankovým prevodom,350.00,EUR,4/21/2026,1,2O260055,SK181100000363429545,Jana Tvorivá - Creative Studio,C:\Users\Jana\Documents\GitHub\e-smartbalance\bankovy_vypis_2026_04.csv,4/22/2026
bankovým prevodom,-7.50,EUR,4/22/2026,1,POPLATOK 04/2026,,Mesačný poplatok za účet,C:\Users\Jana\Documents\GitHub\e-smartbalance\bankovy_vypis_2026_04.csv,4/22/2026
